date,nav_usd,shares_outstanding,btc_per_share,btc_in_trust,net_assets_usd,closing_price_usd,premium_discount_pct,basket_usd,basket_btc,management_fee_pct,obs_ts_utc
2024-04-01,39.488238,442400000.0,0.0005697157578645,252042.2512792638,17469596491.2,39.488238,0.0,,,0.25,backfill
2024-04-02,37.618714,446600000.0,0.0005697118557285,254433.314768358,16800517672.399998,37.618714,0.0,,,0.25,backfill
2024-04-03,37.530927,450600000.0,0.0005697079536192,256710.40390083444,16911435706.2,37.530927,0.0,,,0.25,backfill
2024-04-04,39.136822,451720000.0,0.0005697040515367,257346.7141601609,17678885233.84,39.136822,0.0,,,0.25,backfill
2024-04-05,38.602085,455400000.0,0.0005697001494808,259441.4480735963,17579389509.0,38.602085,0.0,,,0.25,backfill
2024-04-08,40.902156,463400000.0,0.0005696884434737,263993.62470575405,18954059090.4,40.902156,0.0,,,0.25,backfill
2024-04-09,39.228002,463920000.0,0.0005696845415248,264288.05250422,18198654687.84,39.228002,0.0,,,0.25,backfill
2024-04-10,39.610443,467200000.0,0.0005696806396026,266154.7948223749,18505998969.6,39.610443,0.0,,,0.25,backfill
2024-04-11,40.021102,468040000.0,0.0005696767377072,266631.5003164882,18731476580.08,40.021102,0.0,,,0.25,backfill
2024-04-12,38.063412,472840000.0,0.0005696728358384,269364.1036978686,17997903730.079998,38.063412,0.0,,,0.25,backfill
2024-04-15,35.982819,475760000.0,0.0005696611303926,271021.9793955913,17119185967.44,35.982819,0.0,,,0.25,backfill
2024-04-16,35.807544,477800000.0,0.0005696572286307,272182.22383978515,17108844523.2,35.807544,0.0,,,0.25,backfill
2024-04-17,34.790992,478520000.0,0.0005696533268956,272590.5099861117,16648185491.84,34.790992,0.0,,,0.25,backfill
2024-04-18,36.082117,479040000.0,0.0005696494251872,272884.8606417095,17284777327.68,36.082117,0.0,,,0.25,backfill
2024-04-19,36.594688,479560000.0,0.0005696455235056,273179.20725234627,17549348577.28,36.594688,0.0,,,0.25,backfill
2024-04-22,37.795645,480360000.0,0.0005696338186209,273629.30111275445,18155516032.2,37.795645,0.0,,,0.25,backfill
2024-04-23,37.923331,480880000.0,0.0005696299170461,273923.6345091599,18236571411.28,37.923331,0.0,,,0.25,backfill
2024-04-24,36.566707,481880000.0,0.0005696260154981,274491.38434823113,17620764769.16,36.566707,0.0,,,0.25,backfill
2024-04-25,36.810411,481880000.0,0.0005696221139767,274489.50428313325,17738200852.68,36.810411,0.0,,,0.25,backfill
2024-04-26,36.38796,481880000.0,0.0005696182124821,274487.62423091254,17534630164.8,36.38796,0.0,,,0.25,backfill
2024-04-29,35.707196,481880000.0,0.0005696065081586,274481.98415151186,17206583608.480003,35.707196,0.0,,,0.25,backfill
2024-04-30,34.138481,481880000.0,0.0005696026067709,274480.1041507985,16450651224.28,34.138481,0.0,,,0.25,backfill
2024-05-01,32.974669,481880000.0,0.0005695987054099,274478.2241629617,15889833497.72,32.974669,0.0,,,0.25,backfill
2024-05-02,33.702299,480760000.0,0.0005695948040757,273838.3980074368,16202717267.24,33.702299,0.0,,,0.25,backfill
2024-05-03,35.181455,480760000.0,0.0005695909027681,273836.52241481753,16913836305.799995,35.181455,0.0,,,0.25,backfill
2024-05-06,35.912156,481120000.0,0.0005695791990058,274035.9442256801,17278056494.72,35.912156,0.0,,,0.25,backfill
2024-05-07,35.947288,481720000.0,0.0005695752978051,274375.8124586969,17316527575.36,35.947288,0.0,,,0.25,backfill
2024-05-08,35.458644,481720000.0,0.0005695713966312,274373.9331851819,17081137987.679998,35.458644,0.0,,,0.25,backfill
2024-05-09,35.486377,481720000.0,0.0005695674954839,274372.0539245386,17094497528.439997,35.486377,0.0,,,0.25,backfill
2024-05-10,34.545171,482120000.0,0.0005695635943634,274598.0001145123,16654917842.520002,34.545171,0.0,,,0.25,backfill
2024-05-13,35.87109,482480000.0,0.0005695518911622,274797.39644796343,17307083503.2,35.87109,0.0,,,0.25,backfill
2024-05-14,35.021919,482480000.0,0.0005695479901486,274795.5142869067,16897375479.12,35.021919,0.0,,,0.25,backfill
2024-05-15,37.544113,482480000.0,0.0005695440891617,274793.6321387414,18114283640.24,37.544113,0.0,,,0.25,backfill
2024-05-16,37.182694,482480000.0,0.0005695401882015,274791.7500034674,17939906201.12,37.182694,0.0,,,0.25,backfill
2024-05-17,38.082926,485000000.0,0.000569536287268,276225.0993250001,18470219110.0,38.082926,0.0,,,0.25,backfill
2024-05-20,39.494151,486000000.0,0.0005695245846279,276788.94812917337,19194157386.000004,39.494151,0.0,,,0.25,backfill
2024-05-21,39.616216,487680000.0,0.0005695206838013,277743.8470762314,19320036218.88,39.616216,0.0,,,0.25,backfill
2024-05-22,39.634772,495000000.0,0.0005695167830014,281910.80758571473,19619212140.0,39.634772,0.0,,,0.25,backfill
2024-05-23,38.341216,497320000.0,0.0005695128822282,283230.1465897672,19067853541.12,38.341216,0.0,,,0.25,backfill
2024-05-24,39.248787,499640000.0,0.0005695089814818,284549.4675075813,19610263936.68,39.248787,0.0,,,0.25,backfill
2024-05-28,38.829972,504280000.0,0.0005694933787632,287184.1210427096,19581178280.16,38.829972,0.0,,,0.25,backfill
2024-05-29,38.381088,506920000.0,0.0005694894781503,288685.6062639715,19456141128.96,38.381088,0.0,,,0.25,backfill
2024-05-30,39.257739,507560000.0,0.0005694855775641,289048.09974848264,19925658006.84,39.257739,0.0,,,0.25,backfill
2024-05-31,38.425468,507600000.0,0.0005694816770047,289068.8992476177,19504767556.800003,38.425468,0.0,,,0.25,backfill
2024-06-03,39.348374,512000000.0,0.0005694699754867,291568.62744922296,20146367488.0,39.348374,0.0,,,0.25,backfill
2024-06-04,40.122064,512000000.0,0.0005694660750341,291566.6304175078,20542496768.0,40.122064,0.0,,,0.25,backfill
2024-06-05,40.476104,518840000.0,0.0005694621746083,295459.7546737919,21000621799.36,40.476104,0.0,,,0.25,backfill
2024-06-06,40.315738,522680000.0,0.0005694582742092,297644.45076366625,21072229937.84,40.315738,0.0,,,0.25,backfill
2024-06-07,39.3304,531360000.0,0.0005694543738367,302585.27608191123,20898601344.0,39.3304,0.0,,,0.25,backfill
2024-06-10,39.645887,535640000.0,0.0005694426728797,305016.27330133424,21235922912.68,39.645887,0.0,,,0.25,backfill
2024-06-11,38.297925,535800000.0,0.0005694387726142,305105.2943667048,20520028215.0,38.297925,0.0,,,0.25,backfill
2024-06-12,38.947347,535800000.0,0.0005694348723753,305103.204618728,20867988522.6,38.947347,0.0,,,0.25,backfill
2024-06-13,37.973556,536200000.0,0.0005694309721632,305328.8872739296,20361420727.2,37.973556,0.0,,,0.25,backfill
2024-06-14,37.248632,536680000.0,0.0005694270719778,305600.12098905444,19990595821.76,37.248632,0.0,,,0.25,backfill
2024-06-17,38.010353,536720000.0,0.0005694153715818,305616.6182353958,20400916662.160004,38.010353,0.0,,,0.25,backfill
2024-06-18,36.662937,536720000.0,0.0005694114715032,305614.5249852247,19677731546.640003,36.662937,0.0,,,0.25,backfill
2024-06-20,36.976953,536720000.0,0.0005694036714262,305610.33852789406,19846270214.16,36.976953,0.0,,,0.25,backfill
2024-06-21,36.459115,536760000.0,0.0005693997714278,305631.0213115915,19569794567.4,36.459115,0.0,,,0.25,backfill
2024-06-24,34.131683,536760000.0,0.0005693880715927,305624.7413081401,18320522167.08,34.131683,0.0,,,0.25,backfill
2024-06-25,35.273396,536760000.0,0.0005693841717011,305622.6480023319,18933348036.96,35.273396,0.0,,,0.25,backfill
2024-06-26,34.617598,536760000.0,0.0005693802718363,305620.5547108613,18581341902.48,34.617598,0.0,,,0.25,backfill
2024-06-27,35.004683,536760000.0,0.0005693763719981,305618.4614337283,18789113647.08,35.004683,0.0,,,0.25,backfill
2024-06-28,34.343962,536760000.0,0.0005693724721866,305616.3681709326,18434465043.12,34.343962,0.0,,,0.25,backfill
2024-07-01,36.036878,539160000.0,0.0005693607729126,306976.5543235593,19429643142.48,36.036878,0.0,,,0.25,backfill
2024-07-02,35.288525,539160000.0,0.0005693568732079,306974.45175882115,19026161139.0,35.288525,0.0,,,0.25,backfill
2024-07-03,34.101591,539560000.0,0.00056935297353,307200.0903978962,18399854439.96,34.101591,0.0,,,0.25,backfill
2024-07-05,32.180919,539560000.0,0.0005693451742544,307195.8822207146,17363536655.640003,32.180919,0.0,,,0.25,backfill
2024-07-08,32.056337,539560000.0,0.0005693334755412,307189.5700630275,17296317191.719997,32.056337,0.0,,,0.25,backfill
2024-07-09,32.889897,545400000.0,0.0005693295760235,310512.3507632653,17938149823.8,32.889897,0.0,,,0.25,backfill
2024-07-10,32.708434,549080000.0,0.0005693256765326,312605.34247054945,17959546940.719997,32.708434,0.0,,,0.25,backfill
2024-07-11,32.769745,549760000.0,0.0005693217770684,312990.3401611385,18015495011.2,32.769745,0.0,,,0.25,backfill
2024-07-12,32.976119,551960000.0,0.0005693178776309,314240.6957371566,18201498643.24,32.976119,0.0,,,0.25,backfill
2024-07-15,36.187272,555600000.0,0.0005693061794786,316306.51331831247,20105648323.2,36.187272,0.0,,,0.25,backfill
2024-07-16,36.96416,558840000.0,0.0005693022801479,318148.88623786264,20657051174.4,36.96416,0.0,,,0.25,backfill
2024-07-17,36.790356,565880000.0,0.0005692983808439,322154.5677519687,20818926653.280003,36.790356,0.0,,,0.25,backfill
2024-07-18,36.151944,568880000.0,0.0005692944815666,323860.2446736466,20566117902.72,36.151944,0.0,,,0.25,backfill
2024-07-19,38.223136,571720000.0,0.0005692905823161,325474.81172176363,21852931313.92,38.223136,0.0,,,0.25,backfill
2024-07-22,38.614564,574760000.0,0.0005692788847246,327198.7317843428,22194106804.64,38.614564,0.0,,,0.25,backfill
2024-07-23,37.470087,588400000.0,0.0005692749855809,334961.40151581226,22047399190.799995,37.470087,0.0,,,0.25,backfill
2024-07-24,37.496918,590320000.0,0.0005692710864638,336052.1077613622,22135180633.76,37.496918,0.0,,,0.25,backfill
2024-07-25,36.847753,592080000.0,0.0005692671873735,337051.7163001394,21816817596.24,36.847753,0.0,,,0.25,backfill
2024-07-26,38.599186,594000000.0,0.0005692632883099,338142.3932561072,22927916484.000004,38.599186,0.0,,,0.25,backfill
2024-07-29,38.361841,594600000.0,0.0005692515912793,338476.99617468537,22809950658.6,38.361841,0.0,,,0.25,backfill
2024-07-30,37.434463,599960000.0,0.0005692476923225,341525.8454858228,22459180421.480003,37.434463,0.0,,,0.25,backfill
2024-07-31,37.480653,601960000.0,0.0005692437933924,342661.99387050985,22561853879.88,37.480653,0.0,,,0.25,backfill
2024-08-01,35.977455,602520000.0,0.000569239894489,342978.42122754094,21677136186.6,35.977455,0.0,,,0.25,backfill
2024-08-02,35.678531,603240000.0,0.0005692359956123,343385.9219932032,21522717040.44,35.678531,0.0,,,0.25,backfill
2024-08-05,30.235834,604440000.0,0.0005692242991425,344061.9353737196,18275747502.960003,30.235834,0.0,,,0.25,backfill
2024-08-06,32.256835,604440000.0,0.0005692204003726,344059.57880126213,19497321347.4,32.256835,0.0,,,0.25,backfill
2024-08-07,31.259338,604440000.0,0.0005692165016295,344057.2222449453,18894394260.72,31.259338,0.0,,,0.25,backfill
2024-08-08,33.965716,606120000.0,0.000569212602913,345011.14287766325,20587299781.92,33.965716,0.0,,,0.25,backfill
2024-08-09,34.44798,610760000.0,0.0005692087042233,347649.9081914251,21039448264.8,34.44798,0.0,,,0.25,backfill
2024-08-12,33.613874,611040000.0,0.0005691970083142,347802.13996034383,20539421568.96,33.613874,0.0,,,0.25,backfill
2024-08-13,34.550255,611440000.0,0.0005691931097313,348027.4350141147,21125407917.2,34.550255,0.0,,,0.25,backfill
2024-08-14,33.544499,612440000.0,0.000569189211175,348594.2404920619,20543992967.56,33.544499,0.0,,,0.25,backfill
2024-08-15,32.557343,612520000.0,0.0005691853126455,348637.3877016429,19942023734.36,32.557343,0.0,,,0.25,backfill
2024-08-16,33.975587,612520000.0,0.0005691814141426,348634.99979068537,20810726549.24,33.975587,0.0,,,0.25,backfill
2024-08-19,33.578407,613120000.0,0.0005691697187943,348969.33798722184,20587592899.84,33.578407,0.0,,,0.25,backfill
2024-08-20,33.799973,615880000.0,0.0005691658203983,350537.84546694736,20816727371.24,33.799973,0.0,,,0.25,backfill
2024-08-21,34.802856,617520000.0,0.000569161922029,351468.87009137275,21491459637.120003,34.802856,0.0,,,0.25,backfill
2024-08-22,34.313944,617760000.0,0.0005691580236864,351603.06071251776,21197782045.44,34.313944,0.0,,,0.25,backfill
2024-08-23,36.178481,619960000.0,0.0005691541253704,352852.7915646857,22429211080.76,36.178481,0.0,,,0.25,backfill
2024-08-26,36.138148,622360000.0,0.0005691424305829,354211.48309757747,22490937789.280003,36.138148,0.0,,,0.25,backfill
2024-08-27,35.31521,628560000.0,0.0005691385323737,357737.71590886335,22197728397.6,35.31521,0.0,,,0.25,backfill
2024-08-28,33.763177,628560000.0,0.0005691346341913,357735.2656673177,21222182535.12,33.763177,0.0,,,0.25,backfill
2024-08-29,33.778586,628560000.0,0.0005691307360356,357732.8154425545,21231868016.16,33.778586,0.0,,,0.25,backfill
2024-08-30,33.535766,628160000.0,0.0005691268379066,357502.7144994107,21065826770.56,33.535766,0.0,,,0.25,backfill
2024-09-03,33.003412,628160000.0,0.0005691112456574,357492.92007220635,20731423281.92,33.003412,0.0,,,0.25,backfill
2024-09-04,32.927815,628160000.0,0.0005691073476619,357490.4715073331,20683936270.4,32.927815,0.0,,,0.25,backfill
2024-09-05,31.97239,628160000.0,0.0005691034496931,357488.02295923064,20083776502.4,31.97239,0.0,,,0.25,backfill
2024-09-06,30.484066,628160000.0,0.0005690995517509,357485.574427899,19148870898.56,30.484066,0.0,,,0.25,backfill
2024-09-09,32.343335,628160000.0,0.0005690878580847,357478.2289345274,20316789313.6,32.343335,0.0,,,0.25,backfill
2024-09-10,32.825934,627880000.0,0.0005690839602494,357316.43696140766,20610747439.92,32.825934,0.0,,,0.25,backfill
2024-09-11,32.741859,627880000.0,0.0005690800624407,357313.9896053145,20557958428.92,32.741859,0.0,,,0.25,backfill
2024-09-12,33.172458,627880000.0,0.0005690761646588,357311.54226598394,20828322929.04,33.172458,0.0,,,0.25,backfill
2024-09-13,34.069464,627880000.0,0.0005690722669035,357309.0949434159,21391535056.320004,34.069464,0.0,,,0.25,backfill
2024-09-16,32.955578,627880000.0,0.0005690605737979,357301.7530762854,20692148314.640003,32.955578,0.0,,,0.25,backfill
2024-09-17,34.322387,628360000.0,0.0005690566761495,357572.45302531787,21566815095.32,34.322387,0.0,,,0.25,backfill
2024-09-18,34.346443,628360000.0,0.0005690527785277,357570.00391570193,21581930923.48,34.346443,0.0,,,0.25,backfill
2024-09-19,36.082093,628360000.0,0.0005690488809326,357567.55482286075,22672543957.480003,36.082093,0.0,,,0.25,backfill
2024-09-20,35.799015,628360000.0,0.0005690449833643,357565.105746794,22494669065.4,35.799015,0.0,,,0.25,backfill
2024-09-23,36.068349,628360000.0,0.0005690332908193,357557.7586192396,22663907777.64,36.068349,0.0,,,0.25,backfill
2024-09-24,36.357428,628680000.0,0.0005690293933577,357737.3990161441,22857187835.04,36.357428,0.0,,,0.25,backfill
2024-09-25,36.010942,631400000.0,0.0005690254959228,359282.6981256792,22737308778.800003,36.010942,0.0,,,0.25,backfill
2024-09-26,37.053763,636520000.0,0.0005690215985146,362193.6278865308,23585461224.76,37.053763,0.0,,,0.25,backfill
2024-09-27,37.438964,639040000.0,0.0005690177011331,363625.07173210464,23924995554.56,37.438964,0.0,,,0.25,backfill
2024-09-30,36.075858,642000000.0,0.0005690060091487,365301.8578734872,23160700836.0,36.075858,0.0,,,0.25,backfill
2024-10-01,35.202594,644000000.0,0.0005690021118739,366437.3600468529,22670470536.0,35.202594,0.0,,,0.25,backfill
2024-10-02,34.342787,645160000.0,0.0005689982146259,367094.88814807776,22156592460.92,34.342787,0.0,,,0.25,backfill
2024-10-03,34.581659,644760000.0,0.0005689943174045,366864.7760897885,22296870456.84,34.581659,0.0,,,0.25,backfill
2024-10-04,35.474634,645800000.0,0.0005689904202099,367454.0133715785,22909518637.2,35.474634,0.0,,,0.25,backfill
2024-10-07,35.986414,645800000.0,0.0005689787287861,367446.46305007546,23240026161.2,35.986414,0.0,,,0.25,backfill
2024-10-08,35.328397,648520000.0,0.0005689748316982,368991.5578529364,22911172022.44,35.328397,0.0,,,0.25,backfill
2024-10-09,34.707268,649640000.0,0.000568970934637,369626.277977603,22547229583.52,34.707268,0.0,,,0.25,backfill
2024-10-10,33.844106,650040000.0,0.0005689670376025,369851.3331231488,22000022664.24,33.844106,0.0,,,0.25,backfill
2024-10-11,35.86584,649720000.0,0.0005689631405947,369666.7317072002,23302753564.8,35.86584,0.0,,,0.25,backfill
2024-10-14,37.50523,649720000.0,0.0005689514497314,369659.1359195049,24367898035.6,37.50523,0.0,,,0.25,backfill
2024-10-15,38.004903,651840000.0,0.0005689475528303,370862.7728369573,24773115971.52,38.004903,0.0,,,0.25,backfill
2024-10-16,38.56828,659440000.0,0.000568943655956,375184.2044836429,25433466563.2,38.56828,0.0,,,0.25,backfill
2024-10-17,38.054654,669640000.0,0.0005689397591083,380984.820289324,25482918504.56,38.054654,0.0,,,0.25,backfill
2024-10-18,39.117279,677760000.0,0.0005689358622873,385601.9700239002,26512127015.04,39.117279,0.0,,,0.25,backfill
2024-10-21,38.438144,679560000.0,0.0005689241719846,386618.1103138589,26121025136.64,38.438144,0.0,,,0.25,backfill
2024-10-22,38.378993,688120000.0,0.0005689202752703,391485.419819062,26409352663.160004,38.378993,0.0,,,0.25,backfill
2024-10-23,37.615485,689240000.0,0.0005689163785828,392119.9247744554,25926096881.4,37.615485,0.0,,,0.25,backfill
2024-10-24,38.676982,697680000.0,0.000568912481922,396918.8603873634,26984156801.76,38.676982,0.0,,,0.25,backfill
2024-10-25,38.015754,701960000.0,0.0005689085852878,399351.0705286848,26685538677.84,38.015754,0.0,,,0.25,backfill
2024-10-28,39.596337,709640000.0,0.0005688968955455,403711.9929549675,28099144588.68,39.596337,0.0,,,0.25,backfill
2024-10-29,41.529238,717600000.0,0.0005688929990181,408237.61609545496,29801381188.8,41.529238,0.0,,,0.25,backfill
2024-10-30,40.902623,733080000.0,0.0005688891025174,417041.2232735218,29984894868.84,40.902623,0.0,,,0.25,backfill
2024-10-31,40.050802,754400000.0,0.0005688852060434,429166.9994391985,30214325028.8,40.050802,0.0,,,0.25,backfill
2024-11-01,39.283427,762360000.0,0.0005688813095961,433692.3551837211,29948113407.72,39.283427,0.0,,,0.25,backfill
2024-11-04,38.421996,762360000.0,0.0005688696204142,433683.4438190446,29291392870.56,38.421996,0.0,,,0.25,backfill
2024-11-05,39.488654,763360000.0,0.0005688657240737,434249.33912891697,30144058917.439995,39.488654,0.0,,,0.25,backfill
2024-11-06,43.194745,762240000.0,0.0005688618277598,433609.2395916559,32924762428.800003,43.194745,0.0,,,0.25,backfill
2024-11-07,43.609968,760640000.0,0.0005688579314726,432696.0969953429,33171486059.52,43.609968,0.0,,,0.25,backfill
2024-11-08,43.670727,786320000.0,0.0005688540352121,447301.304967992,34339166054.64,43.670727,0.0,,,0.25,backfill
2024-11-11,49.50603,791040000.0,0.0005688423465906,449977.0498470995,39161249971.200005,49.50603,0.0,,,0.25,backfill
2024-11-12,50.934095,806320000.0,0.0005688384504369,458665.8193562973,41069179480.4,50.934095,0.0,,,0.25,backfill
2024-11-13,51.519996,821600000.0,0.0005688345543098,467354.469820961,42328828713.6,51.519996,0.0,,,0.25,backfill
2024-11-14,50.20882,826080000.0,0.0005688306582094,469899.63013365184,41476502025.6,50.20882,0.0,,,0.25,backfill
2024-11-15,51.765778,828600000.0,0.0005688267621357,471329.85510566086,42893123650.8,51.765778,0.0,,,0.25,backfill
2024-11-18,51.93316,828600000.0,0.0005688150740746,471320.1703782922,43031816376.0,51.93316,0.0,,,0.25,backfill
2024-11-19,52.973675,830320000.0,0.0005688111781077,472295.2974064034,43985101826.0,52.973675,0.0,,,0.25,backfill
2024-11-20,53.6417,834400000.0,0.0005688072821674,474612.79624050594,44758634480.0,53.6417,0.0,,,0.25,backfill
2024-11-21,55.920654,846080000.0,0.0005688033862538,481253.1690416392,47313346936.32,55.920654,0.0,,,0.25,backfill
2024-11-22,56.515923,856960000.0,0.0005687994903669,487438.4112648256,48431885374.08,56.515923,0.0,,,0.25,backfill
2024-11-25,53.9911,866040000.0,0.0005687878028662,492592.9887942874,46758452244.0,53.9911,0.0,,,0.25,backfill
2024-11-26,51.9389,871000000.0,0.000568783907086,495410.7830719624,45238781900.0,51.9389,0.0,,,0.25,backfill
2024-11-27,55.142386,871000000.0,0.0005687800113325,495407.38987066207,48029018206.0,55.142386,0.0,,,0.25,backfill
2024-11-29,55.442392,871000000.0,0.0005687722199056,495400.6035377837,48290323432.0,55.442392,0.0,,,0.25,backfill
2024-12-02,54.566348,873480000.0,0.0005687605329652,496800.9503345247,47662613651.04,54.566348,0.0,,,0.25,backfill
2024-12-03,54.333498,879680000.0,0.0005687566373718,500323.8387633015,47796091520.64,54.333498,0.0,,,0.25,backfill
2024-12-04,56.052544,892440000.0,0.0005687527418051,507577.696896599,50023532367.36,56.052544,0.0,,,0.25,backfill
2024-12-05,56.159868,902640000.0,0.0005687488462651,513375.45859274745,50692143251.52,56.159868,0.0,,,0.25,backfill
2024-12-06,57.890688,916360000.0,0.0005687449507517,521175.123070881,53048710855.68,57.890688,0.0,,,0.25,backfill
2024-12-09,55.037655,920800000.0,0.0005687332643717,523689.5898335184,50678672724.0,55.037655,0.0,,,0.25,backfill
2024-12-10,54.746314,927960000.0,0.0005687293689651,527758.1052248777,50802389539.43999,54.746314,0.0,,,0.25,backfill
2024-12-11,57.707486,933360000.0,0.0005687254735851,530825.6080254536,53861859132.96,57.707486,0.0,,,0.25,backfill
2024-12-12,56.789246,933360000.0,0.0005687215782318,530821.9722585203,53004810646.560005,56.789246,0.0,,,0.25,backfill
2024-12-13,57.799087,940960000.0,0.0005687176829052,535140.5909065697,54386628903.52,57.799087,0.0,,,0.25,backfill
2024-12-16,60.428116,947760000.0,0.0005687059970855,538996.7957978415,57271351220.16,60.428116,0.0,,,0.25,backfill
2024-12-17,60.572461,954680000.0,0.0005687021018657,542928.5226091628,57827317067.48,60.572461,0.0,,,0.25,backfill
2024-12-18,57.633265,966920000.0,0.0005686982066725,549885.6699957938,55726756593.8,57.633265,0.0,,,0.25,backfill
2024-12-19,54.867468,973160000.0,0.000568694311506,553430.5561851825,53394825158.880005,54.867468,0.0,,,0.25,backfill
2024-12-20,55.07538,973160000.0,0.0005686904163661,553426.7655908976,53597156800.8,55.07538,0.0,,,0.25,backfill
2024-12-23,52.762448,971840000.0,0.0005686787311067,552664.7380387584,51276657464.31999,52.762448,0.0,,,0.25,backfill
2024-12-24,55.502426,972440000.0,0.0005686748360735,553002.1575914115,53972779139.44,55.502426,0.0,,,0.25,backfill
2024-12-26,54.333196,969040000.0,0.0005686670460873,551061.114340521,52651040251.84,54.333196,0.0,,,0.25,backfill
2024-12-27,53.674186,970080000.0,0.0005686631511342,551648.7496523585,52068254354.88,53.674186,0.0,,,0.25,backfill
2024-12-30,53.709968,971560000.0,0.000568651466435,552479.0187296775,52182456510.08,53.709968,0.0,,,0.25,backfill
2024-12-31,53.296454,970880000.0,0.0005686475715887,552088.5543040476,51744461259.52,53.296454,0.0,,,0.25,backfill
2025-01-02,55.437488,970440000.0,0.0005686397819759,551830.7900207698,53798755854.72,55.437488,0.0,,,0.25,backfill
2025-01-03,55.995765,964440000.0,0.0005686358872096,548415.1950604547,54004555596.6,55.995765,0.0,,,0.25,backfill
2025-01-06,58.0785,968960000.0,0.0005686242030706,550974.1078073215,56275743360.0,58.0785,0.0,,,0.25,backfill
2025-01-07,54.789287,972560000.0,0.0005686203084109,553017.3671481898,53285868964.71999,54.789287,0.0,,,0.25,backfill
2025-01-08,53.468851,983440000.0,0.000568616413778,559200.1259658524,52583406827.44,53.468851,0.0,,,0.25,backfill
2025-01-10,53.989137,981120000.0,0.0005686086245921,557873.2937598013,52969822093.44001,53.989137,0.0,,,0.25,backfill
2025-01-13,52.615324,977720000.0,0.0005685969410132,555928.6011675121,51443054581.28,52.615324,0.0,,,0.25,backfill
2025-01-14,54.869561,978280000.0,0.0005685930465403,556243.20556951,53677794135.08,54.869561,0.0,,,0.25,backfill
2025-01-15,56.890101,974280000.0,0.0005685891520941,553965.0391022587,55426887602.28,56.890101,0.0,,,0.25,backfill
2025-01-16,57.129083,974840000.0,0.0005685852576745,554279.6525914548,55691715271.72001,57.129083,0.0,,,0.25,backfill
2025-01-17,59.859796,984080000.0,0.0005685813632816,559529.5479782033,58906828047.68,59.859796,0.0,,,0.25,backfill
2025-01-21,60.609598,990360000.0,0.0005685657859767,563084.8117999699,60025321475.28,60.609598,0.0,,,0.25,backfill
2025-01-22,59.35837,1001280000.0,0.0005685618917172,569289.6509386519,59434348713.6,59.35837,0.0,,,0.25,backfill
2025-01-23,59.47779,1007080000.0,0.0005685579974843,572583.388106584,59898892753.19999,59.47779,0.0,,,0.25,backfill
2025-01-24,59.880776,1009680000.0,0.0005685541032782,574057.7069979407,60460421911.68,59.880776,0.0,,,0.25,backfill
2025-01-27,57.093401,1012280000.0,0.0005685424208196,575524.1217473468,57794507964.27999,57.093401,0.0,,,0.25,backfill
2025-01-28,57.957867,1013400000.0,0.0005685385267201,576156.9429782336,58734502417.8,57.957867,0.0,,,0.25,backfill
2025-01-29,59.106458,1013920000.0,0.0005685346326473,576448.634733808,59929219895.36001,59.106458,0.0,,,0.25,backfill
2025-01-30,59.981212,1013440000.0,0.0005685307386012,576171.7917280023,60787359489.28001,59.981212,0.0,,,0.25,backfill
2025-01-31,57.934261,1018800000.0,0.0005685268445817,579215.1492598549,59023425106.79999,57.934261,0.0,,,0.25,backfill
2025-02-03,57.816853,1025080000.0,0.0005685151626832,582773.5229633918,59266899673.240005,57.816853,0.0,,,0.25,backfill
2025-02-04,56.089353,1025080000.0,0.0005685112687704,582769.531391259,57496073973.24,56.089353,0.0,,,0.25,backfill
2025-02-05,55.440434,1029520000.0,0.0005685073748843,585289.7125909522,57077035611.68,55.440434,0.0,,,0.25,backfill
2025-02-06,54.855493,1030320000.0,0.0005685034810249,585740.5065695818,56518711547.76,54.855493,0.0,,,0.25,backfill
2025-02-07,54.682598,1030320000.0,0.0005684995871921,585736.4946757827,56340574371.35999,54.682598,0.0,,,0.25,backfill
2025-02-10,55.364708,1030720000.0,0.0005684879058537,585951.8543215973,57065511829.76,55.364708,0.0,,,0.25,backfill
2025-02-11,54.087047,1031720000.0,0.0005684840121276,586516.3249923484,55802688130.84,54.087047,0.0,,,0.25,backfill
2025-02-12,55.273182,1032160000.0,0.0005684801184282,586762.4390368692,57050767533.12,55.273182,0.0,,,0.25,backfill
2025-02-13,54.61315,1031760000.0,0.0005684762247554,586531.0296536785,56347663644.0,54.61315,0.0,,,0.25,backfill
2025-02-14,55.644907,1032240000.0,0.0005684723311093,586799.8790643073,57438898801.68001,55.644907,0.0,,,0.25,backfill
2025-02-18,53.469801,1032640000.0,0.0005684567567916,587011.185333291,55215055304.64,53.469801,0.0,,,0.25,backfill
2025-02-19,54.751589,1033920000.0,0.0005684528632788,587734.784401269,56608762898.880005,54.751589,0.0,,,0.25,backfill
2025-02-20,56.023084,1033920000.0,0.0005684489697927,587730.7588481263,57923387009.28,56.023084,0.0,,,0.25,backfill
2025-02-21,54.102615,1031920000.0,0.0005684450763333,586589.8431698891,55829570470.8,54.102615,0.0,,,0.25,backfill
2025-02-24,53.578301,1032320000.0,0.000568433396115,586805.1634774903,55309951688.32001,53.578301,0.0,,,0.25,backfill
2025-02-25,50.112655,1029360000.0,0.0005684295027622,585118.592963394,51583962550.8,50.112655,0.0,,,0.25,backfill
2025-02-26,47.506431,1026080000.0,0.0005684256094362,583250.1493302973,48745398720.48,47.506431,0.0,,,0.25,backfill
2025-02-27,47.254901,1017280000.0,0.0005684217161367,578244.0433916191,48071465689.28,47.254901,0.0,,,0.25,backfill
2025-02-28,47.765643,1013280000.0,0.000568417822864,575966.4115516504,48399970739.03999,47.765643,0.0,,,0.25,backfill
2025-03-03,48.732324,1008160000.0,0.0005684061432057,573044.3373342928,49129979763.84,48.732324,0.0,,,0.25,backfill
2025-03-04,50.039067,1006560000.0,0.0005684022500396,572130.9687998979,50367323279.52,50.039067,0.0,,,0.25,backfill
2025-03-05,51.22279,1006560000.0,0.0005683983569002,572127.0501214724,51558811502.4,51.22279,0.0,,,0.25,backfill
2025-03-06,50.578628,1007320000.0,0.0005683944637874,572555.1112623655,50948863556.96,50.578628,0.0,,,0.25,backfill
2025-03-07,49.813118,1006320000.0,0.0005683905707013,571982.7991081732,50127936905.76,49.813118,0.0,,,0.25,backfill
2025-03-10,44.620728,1005520000.0,0.000568378891603,571516.3430846755,44867034418.56,44.620728,0.0,,,0.25,backfill
2025-03-11,47.269732,1003520000.0,0.0005683749986235,570375.6786187391,47436121456.64,47.269732,0.0,,,0.25,backfill
2025-03-12,47.052997,1000320000.0,0.0005683711056708,568552.9844246203,47068053959.03999,47.052997,0.0,,,0.25,backfill
2025-03-13,45.746736,999320000.0,0.0005683672127446,567980.7230400245,45715628219.52,45.746736,0.0,,,0.25,backfill
2025-03-14,48.117677,1000320000.0,0.0005683633198452,568545.1961075905,48133074656.64,48.117677,0.0,,,0.25,backfill
2025-03-17,48.026928,998320000.0,0.0005683516413068,567396.8105494719,47946242760.96,48.026928,0.0,,,0.25,backfill
2025-03-18,46.606309,999200000.0,0.000568347748514,567893.0703152581,46569023952.8,46.606309,0.0,,,0.25,backfill
2025-03-19,48.542543,1003880000.0,0.0005683438557479,570549.0299082362,48730888066.84,48.542543,0.0,,,0.25,backfill
2025-03-20,47.81703,1003880000.0,0.0005683399630084,570545.1220649342,48002560076.4,47.81703,0.0,,,0.25,backfill
2025-03-21,47.722296,1007480000.0,0.0005683360702956,572587.2241014629,48079258774.08,47.722296,0.0,,,0.25,backfill
2025-03-24,50.187077,1009680000.0,0.0005683243923171,573825.7724348238,50672887905.36,50.187077,0.0,,,0.25,backfill
2025-03-25,50.038939,1010040000.0,0.000568320499711,574026.4375281297,50541329947.56,50.038939,0.0,,,0.25,backfill
2025-03-26,49.038896,1010880000.0,0.0005683166071315,574499.8918171212,49572439188.48,49.038896,0.0,,,0.25,backfill
2025-03-27,49.594359,1013080000.0,0.0005683127145786,575746.2448853798,50243053215.71999,49.594359,0.0,,,0.25,backfill
2025-03-28,47.559624,1013160000.0,0.0005683088220525,575787.7661507232,48185508651.84,47.559624,0.0,,,0.25,backfill
2025-03-31,47.155254,1013160000.0,0.0005682971446339,575775.9350573246,47775817142.64,47.155254,0.0,,,0.25,backfill
2025-04-01,48.318647,1013480000.0,0.0005682932522144,575953.8452542564,48969982361.56,48.318647,0.0,,,0.25,backfill
2025-04-02,49.096775,1013480000.0,0.0005682893598215,575949.900391925,49758599527.0,49.096775,0.0,,,0.25,backfill
2025-04-03,46.610172,1011120000.0,0.0005682854674553,574604.8018534185,47128477112.64,46.610172,0.0,,,0.25,backfill
2025-04-04,47.792798,1012520000.0,0.0005682815751157,575396.4604362091,48391163830.95999,47.792798,0.0,,,0.25,backfill
2025-04-07,44.543066,1012520000.0,0.000568269898257,575384.6373832286,45100745186.32,44.543066,0.0,,,0.25,backfill
2025-04-08,43.603782,1012520000.0,0.0005682660060241,575380.6964195545,44149701350.64,43.603782,0.0,,,0.25,backfill
2025-04-09,46.725147,1006720000.0,0.0005682621138178,572080.8352227295,47039139987.84,46.725147,0.0,,,0.25,backfill
2025-04-10,45.187752,1004800000.0,0.0005682582216382,570985.8611021369,45404653209.600006,45.187752,0.0,,,0.25,backfill
2025-04-11,47.608625,1004800000.0,0.0005682543294853,570981.9502668611,47837146400.0,47.608625,0.0,,,0.25,backfill
2025-04-14,48.313074,1004800000.0,0.0005682426531864,570970.2179217512,48544976755.19999,48.313074,0.0,,,0.25,backfill
2025-04-15,47.769428,1005560000.0,0.0005682387611401,571398.1686520863,48035026019.68,47.769428,0.0,,,0.25,backfill
2025-04-16,47.78166,1006360000.0,0.0005682348691204,571848.8428881019,48085551357.600006,47.78166,0.0,,,0.25,backfill
2025-04-17,48.189744,1007000000.0,0.0005682309771275,572208.5939673942,48527072208.0,48.189744,0.0,,,0.25,backfill
2025-04-21,49.54651,1008680000.0,0.000568215409422,573147.5191758806,49976573706.8,49.54651,0.0,,,0.25,backfill
2025-04-22,52.013375,1009520000.0,0.0005682115175623,573620.8912095815,52508542330.00001,52.013375,0.0,,,0.25,backfill
2025-04-23,53.06645,1013240000.0,0.0005682076257293,575730.694693991,53769049798.00001,53.06645,0.0,,,0.25,backfill
2025-04-24,53.137021,1025360000.0,0.0005682037339229,582613.3806152237,54484575852.560005,53.137021,0.0,,,0.25,backfill
2025-04-25,54.087318,1031520000.0,0.0005681998421431,586109.5011675509,55792150263.36,54.087318,0.0,,,0.25,backfill
2025-04-28,53.82053,1035960000.0,0.0005681881669639,588620.2134479318,55755916258.8,53.82053,0.0,,,0.25,backfill
2025-04-29,54.183309,1054000000.0,0.0005681842752907,598866.2261564939,57109207686.00001,54.183309,0.0,,,0.25,backfill
2025-04-30,53.404402,1058000000.0,0.0005681803836443,601134.8458956989,56501857316.0,53.404402,0.0,,,0.25,backfill
2025-05-01,54.903308,1063000000.0,0.0005681764920245,603971.6110220641,58362216404.0,54.903308,0.0,,,0.25,backfill
2025-05-02,55.139593,1069400000.0,0.0005681726004313,607603.7789013026,58966280754.200005,55.139593,0.0,,,0.25,backfill
2025-05-05,53.762825,1081640000.0,0.0005681609258118,614545.5837951096,58152022033.0,53.762825,0.0,,,0.25,backfill
2025-05-06,54.010113,1091520000.0,0.0005681570343252,620154.7661067463,58953118541.76,54.010113,0.0,,,0.25,backfill
2025-05-07,54.687427,1092200000.0,0.0005681531428654,620536.8626376037,59729607769.4,54.687427,0.0,,,0.25,backfill
2025-05-08,57.501288,1092880000.0,0.0005681492514321,620918.9539052049,62842007629.44,57.501288,0.0,,,0.25,backfill
2025-05-09,58.586292,1094080000.0,0.0005681453600256,621596.4754968173,64098090351.35999,58.586292,0.0,,,0.25,backfill
2025-05-12,57.839712,1100160000.0,0.0005681336859658,625037.9559521353,63632937553.92,57.839712,0.0,,,0.25,backfill
2025-05-13,59.417752,1101360000.0,0.0005681297946658,625715.4306531665,65440335342.71999,59.417752,0.0,,,0.25,backfill
2025-05-14,58.811341,1101360000.0,0.0005681259033925,625711.1449603927,64772458523.76,58.811341,0.0,,,0.25,backfill
2025-05-15,58.53228,1105320000.0,0.0005681220121458,627956.6224650706,64696899729.600006,58.53228,0.0,,,0.25,backfill
2025-05-16,58.969287,1112320000.0,0.0005681181209258,631929.1482682542,65592717315.84,58.969287,0.0,,,0.25,backfill
2025-05-19,59.749684,1114520000.0,0.0005681064474257,633165.9977849512,66592217811.68001,59.749684,0.0,,,0.25,backfill
2025-05-20,60.388999,1119640000.0,0.0005681025563123,636070.3461495646,67613938840.36,60.388999,0.0,,,0.25,backfill
2025-05-21,61.132434,1124400000.0,0.0005680986652256,638770.139179672,68737308789.6,61.132434,0.0,,,0.25,backfill
2025-05-22,63.379844,1133080000.0,0.0005680947741655,643696.8267114555,71814433639.52,63.379844,0.0,,,0.25,backfill
2025-05-23,61.89184,1146920000.0,0.000568090883132,651554.7956818262,70984989132.8,61.89184,0.0,,,0.25,backfill
2025-05-27,62.386782,1153880000.0,0.0005680753192647,655490.7493932496,71986860014.16,62.386782,0.0,,,0.25,backfill
2025-05-28,61.035339,1160440000.0,0.0005680714283645,659212.808331405,70827848789.16,61.035339,0.0,,,0.25,backfill
2025-05-29,60.139654,1168320000.0,0.000568067537491,663684.6654015386,70262360561.28,60.139654,0.0,,,0.25,backfill
2025-05-30,59.504696,1170400000.0,0.0005680636466441,664861.6920323145,69644296198.40001,59.504696,0.0,,,0.25,backfill
2025-06-02,59.289372,1163160000.0,0.0005680519742633,660735.3343841729,68963025935.52,59.289372,0.0,,,0.25,backfill
2025-06-03,60.380852,1160960000.0,0.000568048083523,659481.103046937,70099753937.92,60.380852,0.0,,,0.25,backfill
2025-06-04,59.654533,1161920000.0,0.0005680441928094,660021.9085091156,69313794983.36,59.654533,0.0,,,0.25,backfill
2025-06-05,58.111379,1166680000.0,0.0005680403021224,662721.2596801784,67797383651.72,58.111379,0.0,,,0.25,backfill
2025-06-06,59.31339,1166680000.0,0.000568036411462,662716.7205245584,69199745845.2,59.31339,0.0,,,0.25,backfill
2025-06-09,61.699354,1164480000.0,0.0005680247396408,661453.4488170269,71847663745.92,61.699354,0.0,,,0.25,backfill
2025-06-10,62.35977,1166440000.0,0.0005680208490871,662562.2392091943,72738930118.8,62.35977,0.0,,,0.25,backfill
2025-06-11,61.799008,1171840000.0,0.00056801695856,665624.9927189724,72418549534.72,61.799008,0.0,,,0.25,backfill
2025-06-12,61.087108,1173960000.0,0.0005680130680595,666824.6213791922,71713821307.68,61.087108,0.0,,,0.25,backfill
2025-06-13,59.748457,1178680000.0,0.0005680091775857,669501.0574367522,70424311296.76,59.748457,0.0,,,0.25,backfill
2025-06-16,61.712564,1182680000.0,0.0005679975063241,671759.290779454,72986215191.52,61.712564,0.0,,,0.25,backfill
2025-06-17,59.626142,1187000000.0,0.0005679936159569,674208.4221408692,70776230554.0,59.626142,0.0,,,0.25,backfill
2025-06-18,59.095269,1197720000.0,0.0005679897256163,680292.6541652004,70779585586.68001,59.095269,0.0,,,0.25,backfill
2025-06-20,58.639513,1202440000.0,0.0005679819450151,682964.2099639605,70510496011.72,58.639513,0.0,,,0.25,backfill
2025-06-23,58.49365,1203240000.0,0.000567970274313,683404.5528644851,70381899426.0,58.49365,0.0,,,0.25,backfill
2025-06-24,59.934394,1206960000.0,0.0005679663841323,685512.7069924161,72338416182.23999,59.934394,0.0,,,0.25,backfill
2025-06-25,61.202409,1214240000.0,0.0005679624939783,689642.778688224,74314413104.16,61.202409,0.0,,,0.25,backfill
2025-06-26,61.088217,1219800000.0,0.0005679586038508,692795.9049773121,74515407096.6,61.088217,0.0,,,0.25,backfill
2025-06-27,60.695402,1222480000.0,0.0005679547137501,694313.2784652319,74198915036.95999,60.695402,0.0,,,0.25,backfill
2025-06-30,61.043657,1225000000.0,0.0005679430436076,695730.2284193543,74778479825.0,61.043657,0.0,,,0.25,backfill
2025-07-01,59.976275,1226840000.0,0.0005679391536134,696770.4712191046,73581293221.00002,59.976275,0.0,,,0.25,backfill
2025-07-02,62.203365,1226840000.0,0.0005679352636458,696765.6988513042,76313576316.6,62.203365,0.0,,,0.25,backfill
2025-07-03,62.370063,1226840000.0,0.0005679313737049,696760.9265161912,76518088090.92,62.370063,0.0,,,0.25,backfill
2025-07-07,61.434142,1230440000.0,0.0005679158142077,698786.3344337543,75591025682.48,61.434142,0.0,,,0.25,backfill
2025-07-08,61.863098,1233120000.0,0.0005679119244,700303.5522161582,76284623405.76,61.863098,0.0,,,0.25,backfill
2025-07-09,62.788665,1234200000.0,0.0005679080346189,700912.0963267273,77493770343.0,62.788665,0.0,,,0.25,backfill
2025-07-10,64.438215,1236200000.0,0.0005679041448645,702043.103881555,79658521383.0,64.438215,0.0,,,0.25,backfill
2025-07-11,66.960973,1243160000.0,0.0005679002551367,705990.8811758318,83243203194.68,66.960973,0.0,,,0.25,backfill
2025-07-14,68.053159,1257400000.0,0.0005678885861132,714063.1081788624,85570042126.59999,68.053159,0.0,,,0.25,backfill
2025-07-15,66.297337,1263200000.0,0.000567884696492,717351.9486088086,83746796098.4,66.297337,0.0,,,0.25,backfill
2025-07-16,67.721398,1269480000.0,0.0005678808068975,720913.326740267,85970960333.04,67.721398,0.0,,,0.25,backfill
2025-07-17,67.936944,1280760000.0,0.0005678769173295,727314.0406390531,87010920397.44,67.936944,0.0,,,0.25,backfill
2025-07-18,66.768167,1288080000.0,0.0005678730277883,731465.8896335657,86002740549.36,66.768167,0.0,,,0.25,backfill
2025-07-21,66.505002,1295520000.0,0.0005678613593242,735675.7482318084,86158560191.04,66.505002,0.0,,,0.25,backfill
2025-07-22,67.887842,1295520000.0,0.0005678574698895,735670.7093913333,87950057067.84001,67.887842,0.0,,,0.25,backfill
2025-07-23,67.246319,1295520000.0,0.0005678535804814,735665.6705853703,87118951190.88,67.246319,0.0,,,0.25,backfill
2025-07-24,67.691925,1297640000.0,0.0005678496911,736864.4731590516,87839749557.0,67.691925,0.0,,,0.25,backfill
2025-07-25,66.305741,1298120000.0,0.0005678458017452,737131.9921615183,86072808506.91998,66.305741,0.0,,,0.25,backfill
2025-07-28,66.984204,1299520000.0,0.0005678341338406,737911.8136085958,87047312782.08,66.984204,0.0,,,0.25,backfill
2025-07-29,66.758711,1301720000.0,0.0005678302445923,739155.9859908124,86901149282.92,66.758711,0.0,,,0.25,backfill
2025-07-30,66.104936,1304080000.0,0.0005678263553707,740490.9935119305,86206124938.87999,66.104936,0.0,,,0.25,backfill
2025-07-31,66.51318,1304600000.0,0.0005678224661758,740781.1893729606,86773094628.0,66.51318,0.0,,,0.25,backfill
2025-08-01,64.441577,1304880000.0,0.0005678185770074,740935.1047655119,84088524995.76,64.441577,0.0,,,0.25,backfill
2025-08-04,65.224924,1304840000.0,0.0005678069096622,740897.1680037472,85108089832.16,65.224924,0.0,,,0.25,backfill
2025-08-05,64.512997,1300360000.0,0.0005678030206005,738348.3358680775,83890120778.92,64.512997,0.0,,,0.25,backfill
2025-08-06,65.509414,1299160000.0,0.0005677991315653,737661.9197644544,85107210292.24002,65.509414,0.0,,,0.25,backfill
2025-08-07,66.372429,1299800000.0,0.0005677952425568,738020.256275394,86270883214.2,66.372429,0.0,,,0.25,backfill
2025-08-08,66.172957,1302160000.0,0.0005677913535749,739355.1889711915,86167777687.12,66.172957,0.0,,,0.25,backfill
2025-08-11,67.769195,1307600000.0,0.0005677796867891,742428.7184455247,88614999382.0,67.769195,0.0,,,0.25,backfill
2025-08-12,67.953084,1309640000.0,0.0005677757979138,743581.8959798899,88994076929.76001,67.953084,0.0,,,0.25,backfill
2025-08-13,69.444038,1311280000.0,0.0005677719090651,744507.9489189554,91060578148.64,69.444038,0.0,,,0.25,backfill
2025-08-14,67.146128,1311280000.0,0.000567768020243,744502.8495843693,88047374723.84001,67.146128,0.0,,,0.25,backfill
2025-08-15,66.510552,1319080000.0,0.0005677641314476,748926.3105100017,87732738932.16,66.510552,0.0,,,0.25,backfill
2025-08-18,66.078678,1320800000.0,0.0005677524652212,749887.4560641955,87276717902.4,66.078678,0.0,,,0.25,backfill
2025-08-19,64.235518,1319760000.0,0.0005677485765323,749291.8613643288,84775467235.68001,64.235518,0.0,,,0.25,backfill
2025-08-20,64.706956,1319760000.0,0.0005677446878701,749286.7292634433,85397652250.56001,64.706956,0.0,,,0.25,backfill
2025-08-21,63.74278,1316360000.0,0.0005677407992344,747351.2784803117,83908445880.8,63.74278,0.0,,,0.25,backfill
2025-08-22,66.271017,1314360000.0,0.0005677369106255,746210.6858497481,87103973904.12001,66.271017,0.0,,,0.25,backfill
2025-08-25,63.382681,1311360000.0,0.0005677252449583,744492.1772286284,83117512556.15999,63.382681,0.0,,,0.25,backfill
2025-08-26,62.972605,1312360000.0,0.0005677213564559,745054.7993585228,82642727897.8,62.972605,0.0,,,0.25,backfill
2025-08-27,63.584326,1313080000.0,0.0005677174679801,745458.452855357,83491306784.08,63.584326,0.0,,,0.25,backfill
2025-08-28,63.719077,1313880000.0,0.0005677135795309,745907.5178741392,83719220888.76,63.719077,0.0,,,0.25,backfill
2025-08-29,61.56523,1314880000.0,0.0005677096911084,746470.1186446383,80950889622.4,61.56523,0.0,,,0.25,backfill
2025-09-02,62.813348,1315280000.0,0.0005676941376845,746676.7454137728,82617140357.43999,62.813348,0.0,,,0.25,backfill
2025-09-03,63.562482,1316440000.0,0.0005676902493951,747330.1519138161,83676193804.08,63.562482,0.0,,,0.25,backfill
2025-09-04,62.418441,1321000000.0,0.0005676863611324,749913.683055969,82454760561.0,62.418441,0.0,,,0.25,backfill
2025-09-05,63.205528,1323160000.0,0.0005676824728963,751134.7408375163,83631026428.48,63.205528,0.0,,,0.25,backfill
2025-09-08,63.691876,1322160000.0,0.0005676708083477,750551.6359650978,84210850772.16,63.691876,0.0,,,0.25,backfill
2025-09-09,63.173677,1322560000.0,0.0005676669202181,750773.5620037657,83550978253.12001,63.173677,0.0,,,0.25,backfill
2025-09-10,64.378594,1325240000.0,0.0005676630321152,752289.7566803843,85317087912.56001,64.378594,0.0,,,0.25,backfill
2025-09-11,64.929001,1328520000.0,0.0005676591440388,754146.5260385576,86259476408.52,64.929001,0.0,,,0.25,backfill
2025-09-12,66.177707,1334160000.0,0.0005676552559892,757342.936330551,88291649571.12,66.177707,0.0,,,0.25,backfill
2025-09-15,65.45613,1338160000.0,0.0005676435919998,759597.9490705669,87590774920.8,65.45613,0.0,,,0.25,backfill
2025-09-16,66.19646,1342160000.0,0.0005676397040567,761863.3051967499,88846240753.6,66.19646,0.0,,,0.25,backfill
2025-09-17,65.668863,1345320000.0,0.0005676358161401,763651.8161696778,88345634771.16,65.668863,0.0,,,0.25,backfill
2025-09-18,66.726983,1347600000.0,0.0005676319282502,764940.7865100218,89921282290.8,66.726983,0.0,,,0.25,backfill
2025-09-19,65.45621,1347600000.0,0.0005676280403869,764935.5472254518,88208788596.0,65.45621,0.0,,,0.25,backfill
2025-09-22,63.821788,1351360000.0,0.0005676163769568,767054.0671644101,86246211431.68,63.821788,0.0,,,0.25,backfill
2025-09-23,63.445519,1351360000.0,0.0005676124892,767048.8134054142,85737736555.84,63.445519,0.0,,,0.25,backfill
2025-09-24,64.448578,1351400000.0,0.0005676086014699,767066.2640264615,87095808309.2,64.448578,0.0,,,0.25,backfill
2025-09-25,62.263912,1353400000.0,0.0005676047137664,768196.2196114588,84267978500.8,62.263912,0.0,,,0.25,backfill
2025-09-26,62.090641,1354680000.0,0.0005676008260895,768917.4870869492,84112949549.88,62.090641,0.0,,,0.25,backfill
2025-09-29,64.779793,1354080000.0,0.0005675891632186,768561.1341310574,87717022105.44,64.779793,0.0,,,0.25,backfill
2025-09-30,64.749604,1353360000.0,0.0005675852756482,768147.2086512889,87629524069.44,64.749604,0.0,,,0.25,backfill
2025-10-01,66.690741,1356440000.0,0.0005675813881044,769890.0980804357,90461988722.04,66.690741,0.0,,,0.25,backfill
2025-10-02,68.610048,1362520000.0,0.0005675775005873,773335.6961002747,93482562600.96,68.610048,0.0,,,0.25,backfill
2025-10-03,69.678689,1369320000.0,0.0005675736130968,777189.8998857763,95412422421.48004,69.678689,0.0,,,0.25,backfill
2025-10-06,71.319521,1380680000.0,0.0005675619507851,783621.4342099779,98469436254.27998,71.319521,0.0,,,0.25,backfill
2025-10-07,68.973965,1394280000.0,0.0005675580634011,791334.8566388976,96169019920.2,68.973965,0.0,,,0.25,backfill
2025-10-08,70.09935,1407320000.0,0.0005675541760437,798730.3430298739,98652217242.0,70.09935,0.0,,,0.25,backfill
2025-10-09,68.674224,1413400000.0,0.0005675502887129,802175.5780669454,97064148201.6,68.674224,0.0,,,0.25,backfill
2025-10-10,66.261657,1417120000.0,0.0005675464014088,804281.3563645444,93900719367.84,66.261657,0.0,,,0.25,backfill
2025-10-13,65.606381,1418240000.0,0.0005675347396562,804900.4691701045,93045593789.44,65.606381,0.0,,,0.25,backfill
2025-10-14,64.142429,1419160000.0,0.0005675308524586,805417.0845752147,91028369539.64,64.142429,0.0,,,0.25,backfill
2025-10-15,63.20268,1418680000.0,0.0005675269652876,805139.1551142872,89664378062.40001,63.20268,0.0,,,0.25,backfill
2025-10-16,61.370632,1418520000.0,0.0005675230781432,805042.8368078083,87055468904.64,61.370632,0.0,,,0.25,backfill
2025-10-17,60.497738,1418040000.0,0.0005675191910255,804764.9136418498,85788212393.52,60.497738,0.0,,,0.25,backfill
2025-10-20,62.906541,1413600000.0,0.000567507529832,802228.6441705684,88924686357.59999,62.906541,0.0,,,0.25,backfill
2025-10-21,63.524121,1412000000.0,0.0005675036428207,801315.1436629492,89696058852.0,63.524121,0.0,,,0.25,backfill
2025-10-22,61.356244,1415320000.0,0.0005674997558361,803193.7544300292,86838719258.07999,61.356244,0.0,,,0.25,backfill
2025-10-23,62.663938,1416520000.0,0.0005674958688781,803869.2481832778,88764721455.76,62.663938,0.0,,,0.25,backfill
2025-10-24,62.848383,1418240000.0,0.0005674919819467,804839.8284761832,89134090705.92,62.848383,0.0,,,0.25,backfill
2025-10-27,65.265631,1418760000.0,0.0005674803213123,805118.3806651139,92596266637.56,65.265631,0.0,,,0.25,backfill
2025-10-28,64.783264,1419760000.0,0.0005674764344874,805680.3426279152,91976686896.64,64.783264,0.0,,,0.25,backfill
2025-10-29,62.913527,1420680000.0,0.0005674725476891,806196.8990510749,89379989538.36,62.913527,0.0,,,0.25,backfill
2025-10-30,60.599284,1419280000.0,0.0005674686609175,805396.9210670423,86007351795.51999,60.599284,0.0,,,0.25,backfill
2025-10-31,62.219461,1414480000.0,0.0005674647741725,802667.5737715301,88008183195.28,62.219461,0.0,,,0.25,backfill
2025-11-03,60.555774,1412080000.0,0.0005674531140971,801289.1933543043,85509597349.92,60.555774,0.0,,,0.25,backfill
2025-11-04,56.977635,1409000000.0,0.0005674492274586,799535.9614891764,80281487715.00002,56.977635,0.0,,,0.25,backfill
2025-11-05,59.039038,1409000000.0,0.0005674453408466,799530.4852529761,83186004542.0,59.039038,0.0,,,0.25,backfill
2025-11-06,57.369405,1402640000.0,0.0005674414542613,795916.0814051817,80468622229.2,57.369405,0.0,,,0.25,backfill
2025-11-07,58.671778,1404600000.0,0.0005674375677026,797022.8075952078,82410379378.79999,58.671778,0.0,,,0.25,backfill
2025-11-10,60.174558,1402360000.0,0.0005674259081863,795735.3966042348,84386393156.87999,60.174558,0.0,,,0.25,backfill
2025-11-11,58.390261,1402360000.0,0.0005674220217341,795729.9463991227,81884166415.96,58.390261,0.0,,,0.25,backfill
2025-11-12,57.631928,1406200000.0,0.0005674181353085,797903.3818709252,81042017153.6,57.631928,0.0,,,0.25,backfill
2025-11-13,55.790855,1405560000.0,0.0005674142489096,797534.7716973983,78417394153.8,55.790855,0.0,,,0.25,backfill
2025-11-14,53.849329,1400960000.0,0.0005674103625372,794919.2215002121,75440755955.84,53.849329,0.0,,,0.25,backfill
2025-11-17,51.989128,1392360000.0,0.0005673987035799,790023.2589165688,72387582262.08,51.989128,0.0,,,0.25,backfill
2025-11-18,52.73714,1389560000.0,0.000567394817314,788429.14234694,73281420258.40001,52.73714,0.0,,,0.25,backfill
2025-11-19,50.50653,1379640000.0,0.0005673909310748,782795.22414806,69680829049.2,50.50653,0.0,,,0.25,backfill
2025-11-20,49.102386,1380840000.0,0.0005673870448621,783470.7270274935,67802538684.24001,49.102386,0.0,,,0.25,backfill
2025-11-21,47.659255,1373600000.0,0.0005673831586761,779357.5067575766,65464752668.00001,47.659255,0.0,,,0.25,backfill
2025-11-24,50.381019,1371040000.0,0.0005673715002778,777889.0217408913,69074392289.76001,50.381019,0.0,,,0.25,backfill
2025-11-25,49.409921,1368080000.0,0.0005673676141982,776204.285632359,67596724721.68,49.409921,0.0,,,0.25,backfill
2025-11-26,50.982199,1369760000.0,0.0005673637281453,777152.1402643473,69833376902.24,50.982199,0.0,,,0.25,backfill
2025-11-28,51.688522,1370600000.0,0.0005673559561193,777618.0734571329,70844288253.2,51.688522,0.0,,,0.25,backfill
2025-12-01,48.471307,1368400000.0,0.0005673442982799,776353.9377662335,66328136498.80001,48.471307,0.0,,,0.25,backfill
2025-12-02,51.785332,1367040000.0,0.0005673404123866,775577.0373490842,70792620257.28,51.785332,0.0,,,0.25,backfill
2025-12-03,52.803604,1369360000.0,0.00056733652652,776887.9459555065,72307143173.44,52.803604,0.0,,,0.25,backfill
2025-12-04,52.295243,1370160000.0,0.00056733264068,777336.4909541818,71652850148.88,52.295243,0.0,,,0.25,backfill
2025-12-05,50.769517,1368000000.0,0.0005673287548666,776105.7366575961,69452699256.0,50.769517,0.0,,,0.25,backfill
2025-12-08,51.35477,1367360000.0,0.0005673170975861,775726.7065554452,70220458307.2,51.35477,0.0,,,0.25,backfill
2025-12-09,52.905253,1367920000.0,0.0005673132118792,776039.088793869,72370153683.76,52.905253,0.0,,,0.25,backfill
2025-12-10,53.00717,1365360000.0,0.0005673093261989,774581.4616189812,72373869631.2,53.00717,0.0,,,0.25,backfill
2025-12-11,51.827697,1369000000.0,0.0005673054405452,776641.1481064268,70952117193.0,51.827697,0.0,,,0.25,backfill
2025-12-12,51.127811,1370480000.0,0.0005673015549181,777475.4349842215,70069642419.28,51.127811,0.0,,,0.25,backfill
2025-12-15,48.700003,1371480000.0,0.0005672898981965,778026.7495786219,66791080114.44,48.700003,0.0,,,0.25,backfill
2025-12-16,49.687643,1371480000.0,0.0005672860126759,778021.4206647817,68145608621.64,49.687643,0.0,,,0.25,backfill
2025-12-17,48.760495,1367240000.0,0.0005672821271819,775610.8155681894,66667299183.8,48.760495,0.0,,,0.25,backfill
2025-12-18,48.18082,1369520000.0,0.0005672782417144,776898.8975928384,65984596606.4,48.18082,0.0,,,0.25,backfill
2025-12-19,49.879959,1370200000.0,0.0005672743562737,777279.3229662251,68345519821.8,49.879959,0.0,,,0.25,backfill
2025-12-22,49.98423,1366720000.0,0.0005672627001109,775289.2774956863,68314446825.59999,49.98423,0.0,,,0.25,backfill
2025-12-23,49.791445,1366840000.0,0.0005672588147766,775352.0383892996,68056938683.8,49.791445,0.0,,,0.25,backfill
2025-12-24,49.659431,1363680000.0,0.0005672549294689,773554.202218152,67719572866.08,49.659431,0.0,,,0.25,backfill
2025-12-26,49.642706,1361840000.0,0.0005672471589332,772499.8709216763,67605422739.04,49.642706,0.0,,,0.25,backfill
2025-12-29,49.46963,1357960000.0,0.0005672355033293,770283.1241011792,67177778754.8,49.46963,0.0,,,0.25,backfill
2025-12-30,49.911866,1357800000.0,0.0005672316181813,770187.0911665974,67770331654.8,49.911866,0.0,,,0.25,backfill
2025-12-31,49.524144,1360680000.0,0.0005672277330598,771815.4318198925,67386512257.92,49.524144,0.0,,,0.25,backfill
2026-01-02,50.951671,1358680000.0,0.0005672199628967,770670.4191885884,69227016354.28,50.951671,0.0,,,0.25,backfill
2026-01-05,53.515595,1364320000.0,0.0005672083078517,773853.6385682519,73012396570.4,53.515595,0.0,,,0.25,backfill
2026-01-06,52.444544,1371280000.0,0.0005672044228899,777796.0810204819,71916154296.31999,52.444544,0.0,,,0.25,backfill
2026-01-07,51.573216,1375640000.0,0.0005672005379547,780263.7480320353,70946178858.24,51.573216,0.0,,,0.25,backfill
2026-01-08,51.419723,1373120000.0,0.0005671966530461,778829.0682307165,70605450045.76,51.419723,0.0,,,0.25,backfill
2026-01-09,51.213275,1369360000.0,0.0005671927681641,776691.0890132835,70129410254.0,51.213275,0.0,,,0.25,backfill
2026-01-12,51.956583,1364440000.0,0.0005671811136778,773884.5987466694,70891640108.52,51.956583,0.0,,,0.25,backfill
2026-01-13,53.503506,1363080000.0,0.0005671772289023,773107.9371722236,72929558958.48001,53.503506,0.0,,,0.25,backfill
2026-01-14,55.32275,1365440000.0,0.0005671733441534,774441.1710408508,75539895760.0,55.32275,0.0,,,0.25,backfill
2026-01-15,54.074448,1377160000.0,0.000567169459431,781083.0927501322,74469166807.68,54.074448,0.0,,,0.25,backfill
2026-01-16,53.905936,1383000000.0,0.0005671655747353,784389.9898590327,74551909488.0,53.905936,0.0,,,0.25,backfill
2026-01-20,50.775767,1383280000.0,0.0005671500362185,784527.3021004422,70237102975.76,50.775767,0.0,,,0.25,backfill
2026-01-21,50.949495,1382160000.0,0.0005671461516559,783886.7249727201,70420354009.2,50.949495,0.0,,,0.25,backfill
2026-01-22,50.801794,1375160000.0,0.0005671422671198,779911.3600524984,69860595037.04,50.801794,0.0,,,0.25,backfill
2026-01-23,50.8098,1374720000.0,0.0005671383826103,779656.4773421071,69849248256.0,50.8098,0.0,,,0.25,backfill
2026-01-26,49.768199,1372720000.0,0.0005671267292415,778506.2037645028,68317802131.28001,49.768199,0.0,,,0.25,backfill
2026-01-27,50.397893,1373040000.0,0.0005671228448385,778682.3508771007,69198323004.72,50.397893,0.0,,,0.25,backfill
2026-01-28,50.639823,1371000000.0,0.000567118960462,777520.0947935288,69427197333.0,50.639823,0.0,,,0.25,backfill
2026-01-29,47.575547,1370720000.0,0.0005671150761122,777355.9771285917,65212753783.84,47.575547,0.0,,,0.25,backfill
2026-01-30,47.508699,1364040000.0,0.000567111191789,773562.3500479013,64803765783.96001,47.508699,0.0,,,0.25,backfill
2026-02-02,44.371761,1352920000.0,0.0005670995389789,767240.3082754124,60031442892.12,44.371761,0.0,,,0.25,backfill
2026-02-03,42.876046,1356120000.0,0.0005670956547621,769049.7593360401,58145063501.52001,42.876046,0.0,,,0.25,backfill
2026-02-04,41.67874,1357520000.0,0.0005670917705719,769838.420386814,56579723124.8,41.67874,0.0,,,0.25,backfill
2026-02-05,36.226252,1348560000.0,0.0005670878864083,764752.0400948178,48853274397.12,36.226252,0.0,,,0.25,backfill
2026-02-06,39.934175,1343720000.0,0.0005670840022713,762002.1155320292,53660349631.0,39.934175,0.0,,,0.25,backfill
2026-02-09,40.10423,1349520000.0,0.0005670723500199,765275.4777989135,54121460469.600006,40.10423,0.0,,,0.25,backfill
2026-02-10,39.017444,1349000000.0,0.0005670684659893,764975.3606196387,52634531955.99999,39.017444,0.0,,,0.25,backfill
2026-02-11,38.232916,1349680000.0,0.0005670645819853,765355.7250140114,51602202066.880005,38.232916,0.0,,,0.25,backfill
2026-02-12,37.159842,1347760000.0,0.0005670606980079,764261.726347241,50082548653.92,37.159842,0.0,,,0.25,backfill
2026-02-13,39.007962,1343520000.0,0.0005670568140572,761852.1708221337,52407977106.24,39.007962,0.0,,,0.25,backfill
2026-02-17,38.358841,1343280000.0,0.00056704127852,761695.2086104782,51526663938.48,38.358841,0.0,,,0.25,backfill
2026-02-18,37.587148,1340160000.0,0.0005670373947023,759920.8348842703,50372792263.68,37.587148,0.0,,,0.25,backfill
2026-02-19,37.977345,1337920000.0,0.0005670335109111,758645.4749182542,50810649422.4,37.977345,0.0,,,0.25,backfill
2026-02-20,38.366922,1333600000.0,0.0005670296271465,756190.7107626881,51166127179.200005,38.366922,0.0,,,0.25,backfill
2026-02-23,36.386068,1335280000.0,0.0005670179760124,757127.7630099488,48585588879.04,36.386068,0.0,,,0.25,backfill
2026-02-24,36.543966,1332080000.0,0.0005670140923543,755308.1321433379,48679486229.28,36.543966,0.0,,,0.25,backfill
2026-02-25,39.128423,1334240000.0,0.0005670102087227,756527.700886242,52206707103.52,39.128423,0.0,,,0.25,backfill
2026-02-26,38.309296,1341840000.0,0.0005670063251177,760831.7672960465,51404945744.64001,38.309296,0.0,,,0.25,backfill
2026-02-27,37.172044,1349040000.0,0.0005670024415394,764908.9737343347,50146574237.76,37.172044,0.0,,,0.25,backfill
2026-03-02,39.165201,1348160000.0,0.0005669907909639,764394.3047459102,52800957380.16001,39.165201,0.0,,,0.25,backfill
2026-03-03,38.748283,1354880000.0,0.0005669869074919,768199.2212226862,52499273671.04,38.748283,0.0,,,0.25,backfill
2026-03-04,41.65502,1363200000.0,0.0005669830240465,772911.2583802906,56784123263.99999,41.65502,0.0,,,0.25,backfill
2026-03-05,40.337885,1370560000.0,0.0005669791406278,777078.9309788422,55285491665.6,40.337885,0.0,,,0.25,backfill
2026-03-06,38.562211,1368360000.0,0.0005669752572356,775826.2629909473,52766987043.95999,38.562211,0.0,,,0.25,backfill
2026-03-09,39.04,1364640000.0,0.0005667719943537,,53273477560.0,38.6,0.1,1561539.4,22.67,0.25,2026-03-10T04:48:47.289520+00:00
2026-03-10,39.69,1367440000.0,0.0005667186298606,,54276697272.0,39.13,0.23,1587687.88,22.67,0.25,2026-03-11T09:44:46.224880+00:00
2026-03-11,40.021347,1372120000.0,0.00056675,,54914090695.0,40.07,0.12,1600853.88,22.67,0.25,2026-03-12T21:39:35.645038+00:00
2026-03-12,39.784263,1375000000.0,0.00056675,,54703361521.0,39.95,0.42,1591370.52,22.67,0.25,2026-03-13T21:39:27.536713+00:00
2026-03-13,40.334326,1376160000.0,0.00056675,,55506486495.0,40.37,0.09,1613373.04,22.67,0.25,2026-03-16T21:41:12.643057+00:00
2026-03-16,41.988747,1379720000.0,0.00056675,,57932713530.0,41.94,-0.12,1679549.88,22.67,0.25,2026-03-17T21:39:36.191585+00:00
2026-03-17,42.333556,1383040000.0,0.00056675,,58549001289.0,42.27,-0.15,1693342.24,22.67,0.25,2026-03-18T21:35:52.753430+00:00
2026-03-18,40.364371,1387040000.0,0.00056675,,55986997560.0,40.26,-0.26,1614574.84,22.67,0.25,2026-03-19T21:37:13.833176+00:00
2026-03-19,39.844565,1386200000.0,0.00056675,,55232536600.0,39.82,-0.06,1593782.6,22.67,0.25,2026-03-20T21:31:34.891890+00:00
2026-03-20,39.60653,1385240000.0,0.00056675,,54864548982.0,39.77,0.41,1584261.2,22.67,0.25,2026-03-23T21:37:48.616009+00:00
2026-03-23,40.202605,1384080000.0,0.00056675,,55643621714.0,40.05,-0.38,1608104.2,22.67,0.25,2026-03-24T21:39:18.084895+00:00
2026-03-24,39.366516,1388080000.0,0.00056675,,54643873316.0,39.28,-0.22,1574660.64,22.67,0.25,2026-03-25T21:40:42.219281+00:00
2026-03-25,40.178098,1387960000.0,0.00056675,,55765592303.0,40.17,-0.02,1607123.92,22.67,0.25,2026-03-26T21:32:55.354856+00:00
2026-03-26,38.814473,1386200000.0,0.00056675,,53804622692.0,38.82,0.01,1552578.92,22.67,0.25,2026-03-27T21:35:56.955791+00:00
2026-03-27,37.319675,1385120000.0,0.00056675,,51692227763.0,37.4,0.22,1492787.0,22.67,0.25,2026-03-30T21:42:40.411459+00:00
2026-03-30,37.609668,1379720000.0,0.00056675,,51890811680.0,37.68,0.19,1504386.72,22.67,0.25,2026-03-31T21:40:36.057151+00:00
2026-03-31,38.446332,1379920000.0,0.00056675,,53052862326.0,38.42,-0.07,1537853.28,22.67,0.25,2026-04-01T21:42:41.515148+00:00
2026-04-01,38.626041,1382480000.0,0.00056675,,53399729058.0,38.64,0.04,1545041.64,22.67,0.25,2026-04-02T21:39:41.104453+00:00
2026-04-02,37.971361,1380240000.0,0.00056675,,52409591222.0,37.97,0.0,1518854.44,22.67,0.25,2026-04-06T21:38:55.732732+00:00
2026-04-06,39.541801,1380160000.0,0.00056675,,54574011930.0,39.52,-0.06,1581672.04,22.67,0.25,2026-04-07T21:45:45.792536+00:00
2026-04-07,38.88702,1384760000.0,0.00056675,,53849190043.0,39.1,0.55,1555480.8,22.67,0.25,2026-04-08T21:41:52.926256+00:00
2026-04-08,40.375795,1384320000.0,0.00056675,,55893021020.0,40.42,0.11,1615031.8,22.67,0.25,2026-04-09T16:19:28.977874+00:00
