date,nav_usd,shares_outstanding,eth_per_share,eth_in_trust,net_assets_usd,closing_price_usd,premium_discount_pct,basket_usd,basket_eth,management_fee_pct,obs_ts_utc
2024-06-24,24.97121,400000.0,0.0075833059381755,3033.322375270239,9988483.999999998,24.97121,0.0,,,0.25,backfill
2024-06-25,25.868892,400000.0,0.0075832539980797,3033.3015992318883,10347556.8,25.868892,0.0,,,0.25,backfill
2024-06-26,25.585039,400000.0,0.0075832020583395,3033.280823335838,10234015.6,25.585039,0.0,,,0.25,backfill
2024-06-27,26.111983,400000.0,0.0075831501189552,3033.260047582088,10444793.2,26.111983,0.0,,,0.25,backfill
2024-06-28,25.555212,400000.0,0.0075830981799265,3033.239271970636,10222084.8,25.555212,0.0,,,0.25,backfill
2024-07-01,26.314491,400000.0,0.0075829423649751,3033.176945990064,10525796.4,26.314491,0.0,,,0.25,backfill
2024-07-02,25.898572,400000.0,0.0075828904273694,3033.1561709477965,10359428.8,25.898572,0.0,,,0.25,backfill
2024-07-03,24.857113,400000.0,0.0075828384901195,3033.135396047824,9942845.2,24.857113,0.0,,,0.25,backfill
2024-07-05,22.63404,400000.0,0.0075827346166868,3033.093846674756,9053616.0,22.63404,0.0,,,0.25,backfill
2024-07-08,22.699191,400000.0,0.0075825788092058,3033.031523682333,9079676.4,22.699191,0.0,,,0.25,backfill
2024-07-09,23.197926,400000.0,0.0075825268740902,3033.010749636103,9279170.4,23.197926,0.0,,,0.25,backfill
2024-07-10,23.500771,400000.0,0.0075824749393304,3032.98997573216,9400308.4,23.500771,0.0,,,0.25,backfill
2024-07-11,23.65473,400000.0,0.0075824230049262,3032.9692019705026,9461892.0,23.65473,0.0,,,0.25,backfill
2024-07-12,23.719207,400000.0,0.0075823710708778,3032.9484283511306,9487682.8,23.719207,0.0,,,0.25,backfill
2024-07-15,25.78305,400000.0,0.0075822152708667,3032.886108346715,10313220.0,25.78305,0.0,,,0.25,backfill
2024-07-16,26.27614,400000.0,0.0075821633382411,3032.865335296473,10510456.0,26.27614,0.0,,,0.25,backfill
2024-07-17,25.919034,400000.0,0.0075821114059712,3032.844562388512,10367613.6,25.919034,0.0,,,0.25,backfill
2024-07-18,25.776278,400000.0,0.007582059474057,3032.823789622829,10310511.2,25.776278,0.0,,,0.25,backfill
2024-07-19,26.703823,400000.0,0.0075820075424985,3032.8030169994254,10681529.2,26.703823,0.0,,,0.25,backfill
2024-07-22,26.400412,400000.0,0.0075818517499571,3032.740699982873,10560164.8,26.400412,0.0,,,0.25,backfill
2024-07-23,26.338801,400000.0,0.0075817998198214,3032.7199279285724,10535520.4,26.338801,0.0,,,0.25,backfill
2024-07-24,25.654308,10520000.0,0.0075817478900413,79759.98780323514,269883320.16,25.654308,0.0,,,0.25,backfill
2024-07-25,23.642959,11200000.0,0.0075816959606169,84914.99475891014,264801140.80000004,23.642959,0.0,,,0.25,backfill
2024-07-26,24.777778,14200000.0,0.0075816440315482,107659.3452479854,351844447.6,24.777778,0.0,,,0.25,backfill
2024-07-29,25.073121,17720000.0,0.0075814882464761,134343.97172755803,444295704.12,25.073121,0.0,,,0.25,backfill
2024-07-30,24.785541,20040000.0,0.0075814363188301,151931.98382935658,496702241.64,24.785541,0.0,,,0.25,backfill
2024-07-31,24.87972,24800000.0,0.0075813843915398,188018.33291018743,617017056.0,24.87972,0.0,,,0.25,backfill
2024-08-01,23.591353,25000000.0,0.0075813324646051,189533.31161512816,589783825.0,23.591353,0.0,,,0.25,backfill
2024-08-02,22.793695,28800000.0,0.0075812805380261,218340.8794951517,656458416.0,22.793695,0.0,,,0.25,backfill
2024-08-05,18.109894,28800000.0,0.0075811247604229,218336.39310018133,521564947.2,18.109894,0.0,,,0.25,backfill
2024-08-06,18.946142,31400000.0,0.0075810728352665,238045.68702736992,594908858.8,18.946142,0.0,,,0.25,backfill
2024-08-07,17.823287,37200000.0,0.0075810209104658,282013.97786932776,663026276.4,17.823287,0.0,,,0.25,backfill
2024-08-08,19.559591,37200000.0,0.0075809689860206,282012.04627996974,727616785.2,19.559591,0.0,,,0.25,backfill
2024-08-09,19.638089,37800000.0,0.0075809170619312,286558.66494100034,742319764.2,19.638089,0.0,,,0.25,backfill
2024-08-12,20.11146,38800000.0,0.0075807612917966,294133.5381217109,780324647.9999999,20.11146,0.0,,,0.25,backfill
2024-08-13,20.468515,38800000.0,0.0075807093691297,294131.5235222348,794178382.0000001,20.468515,0.0,,,0.25,backfill
2024-08-14,20.166559,41200000.0,0.0075806574468184,312323.08680892154,830862230.8,20.166559,0.0,,,0.25,backfill
2024-08-15,19.25877,42000000.0,0.0075806055248628,318385.432044239,808868340.0,19.25877,0.0,,,0.25,backfill
2024-08-16,19.865675,42040000.0,0.0075805536032628,318686.4734811686,835152977.0,19.865675,0.0,,,0.25,backfill
2024-08-19,19.756164,42560000.0,0.0075803978405964,322621.7320957865,840822339.84,19.756164,0.0,,,0.25,backfill
2024-08-20,19.687463,42560000.0,0.0075803459204189,322619.5223730305,837898425.2800001,19.687463,0.0,,,0.25,backfill
2024-08-21,20.005503,43920000.0,0.007580294000597,332926.5125062214,878641691.76,20.005503,0.0,,,0.25,backfill
2024-08-22,19.740062,43920000.0,0.0075802420811307,332924.2322032612,866983523.0400001,19.740062,0.0,,,0.25,backfill
2024-08-23,20.753545,43920000.0,0.00758019016202,332921.95191591926,911495696.4,20.753545,0.0,,,0.25,backfill
2024-08-26,20.385088,43920000.0,0.0075800344068215,332915.111147603,895313064.9599999,20.385088,0.0,,,0.25,backfill
2024-08-27,19.590713,43920000.0,0.0075799824891332,332912.8309227337,860424114.9600002,19.590713,0.0,,,0.25,backfill
2024-08-28,19.083458,43920000.0,0.0075799305718005,332910.5507134823,838145475.3600001,19.083458,0.0,,,0.25,backfill
2024-08-29,19.148168,44360000.0,0.0075798786548235,336243.41712797096,849412732.4799999,19.148168,0.0,,,0.25,backfill
2024-08-30,19.019622,44360000.0,0.007579826738202,336241.11410664144,843710431.9199998,19.019622,0.0,,,0.25,backfill
2024-09-03,18.601726,44360000.0,0.0075796190752719,336231.90217906254,825172565.36,18.601726,0.0,,,0.25,backfill
2024-09-04,18.534166,44360000.0,0.0075795671604283,336229.5992366021,822175603.76,18.534166,0.0,,,0.25,backfill
2024-09-05,17.957976,44360000.0,0.0075795152459403,336227.296309915,796615815.3599999,17.957976,0.0,,,0.25,backfill
2024-09-06,16.853008,44360000.0,0.0075794633318079,336224.99339900137,747599434.88,16.853008,0.0,,,0.25,backfill
2024-09-09,17.738909,44640000.0,0.0075793075915441,338340.29088653176,791864897.76,17.738909,0.0,,,0.25,backfill
2024-09-10,17.958833,44640000.0,0.007579255678834,338337.9735031516,801682305.12,17.958833,0.0,,,0.25,backfill
2024-09-11,17.703567,44880000.0,0.0075792037664794,340154.66503959894,794536086.9599999,17.703567,0.0,,,0.25,backfill
2024-09-12,17.846377,44880000.0,0.0075791518544804,340152.33522908366,800945399.76,17.846377,0.0,,,0.25,backfill
2024-09-13,18.349612,44880000.0,0.007579099942837,340150.0054345259,823530586.56,18.349612,0.0,,,0.25,backfill
2024-09-16,17.319514,45080000.0,0.00757894421004,341658.80498860456,780763691.12,17.319514,0.0,,,0.25,backfill
2024-09-17,17.807828,45320000.0,0.0075788922998187,343475.399027788,807050764.9600002,17.807828,0.0,,,0.25,backfill
2024-09-18,17.588923,45320000.0,0.0075788403899531,343473.0464726751,797129990.36,17.588923,0.0,,,0.25,backfill
2024-09-19,18.697034,45600000.0,0.0075787884804429,345592.75470819965,852584750.3999999,18.697034,0.0,,,0.25,backfill
2024-09-20,19.279502,45880000.0,0.0075787365712883,347712.4338907108,884543551.76,19.279502,0.0,,,0.25,backfill
2024-09-23,20.278777,45880000.0,0.0075785808459578,347705.28921254445,930390288.76,20.278777,0.0,,,0.25,backfill
2024-09-24,20.017292,45880000.0,0.0075785289382253,347702.9076857795,918393356.9600002,20.017292,0.0,,,0.25,backfill
2024-09-25,19.544923,48840000.0,0.0075784770308484,370132.81818663765,954574039.32,19.544923,0.0,,,0.25,backfill
2024-09-26,20.099508,49320000.0,0.007578425123827,373767.9271071496,991307734.56,20.099508,0.0,,,0.25,backfill
2024-09-27,20.46282,50080000.0,0.0075783732171611,379524.9307154314,1024778025.6,20.46282,0.0,,,0.25,backfill
2024-09-30,19.625954,50640000.0,0.0075782174992966,383760.9341643841,993858310.5600002,19.625954,0.0,,,0.25,backfill
2024-10-01,18.912091,51200000.0,0.0075781655940528,388002.078415508,968299059.2,18.912091,0.0,,,0.25,backfill
2024-10-02,18.043396,51200000.0,0.0075781136891646,387999.420885228,923821875.2,18.043396,0.0,,,0.25,backfill
2024-10-03,17.767909,52200000.0,0.0075780617846318,395574.825157782,927484849.8,17.767909,0.0,,,0.25,backfill
2024-10-04,18.397716,52880000.0,0.0075780098804545,400725.16247843794,972871222.08,18.397716,0.0,,,0.25,backfill
2024-10-07,18.474719,53680000.0,0.0075778541700558,406779.2118485958,991722915.92,18.474719,0.0,,,0.25,backfill
2024-10-08,18.43209,53680000.0,0.0075778022673005,406776.4257086938,989434591.2,18.43209,0.0,,,0.25,backfill
2024-10-09,18.285389,53680000.0,0.0075777503649007,406773.6395878747,981559681.52,18.285389,0.0,,,0.25,backfill
2024-10-10,17.849271,53680000.0,0.0075776984628565,406770.8534861385,958148867.28,17.849271,0.0,,,0.25,backfill
2024-10-11,18.630588,54680000.0,0.0075776465611677,414345.7139646528,1018720551.84,18.630588,0.0,,,0.25,backfill
2024-10-14,19.879121,54680000.0,0.0075774908582343,414337.2001282544,1086990336.2800002,19.879121,0.0,,,0.25,backfill
2024-10-15,19.588275,55400000.0,0.0075774389579675,419790.11827140045,1085190434.9999998,19.588275,0.0,,,0.25,backfill
2024-10-16,19.81211,55400000.0,0.0075773870580561,419787.24301631126,1097590894.0,19.81211,0.0,,,0.25,backfill
2024-10-17,19.629958,56000000.0,0.0075773351585002,424330.7688760158,1099277648.0,19.629958,0.0,,,0.25,backfill
2024-10-18,20.127001,57200000.0,0.0075772832592998,433420.6024319529,1151264457.2,20.127001,0.0,,,0.25,backfill
2024-10-21,20.255567,57200000.0,0.0075771275638314,433411.6966511605,1158618432.4,20.255567,0.0,,,0.25,backfill
2024-10-22,19.900036,57440000.0,0.0075770756660529,435227.226258081,1143058067.84,19.900036,0.0,,,0.25,backfill
2024-10-23,18.917349,58040000.0,0.0075770237686298,439770.45953127765,1097962935.96,18.917349,0.0,,,0.25,backfill
2024-10-24,19.167771,58040000.0,0.0075769718715622,439767.4474254734,1112497428.84,19.167771,0.0,,,0.25,backfill
2024-10-25,18.741044,58160000.0,0.0075769199748501,440673.6657372818,1089979119.04,18.741044,0.0,,,0.25,backfill
2024-10-28,19.005584,58160000.0,0.0075767642868463,440664.6109229837,1105364765.4399998,19.005584,0.0,,,0.25,backfill
2024-10-29,20.030333,58280000.0,0.0075767123915559,441570.7981798836,1167367807.24,20.030333,0.0,,,0.25,backfill
2024-10-30,20.163198,58960000.0,0.007576660496621,446719.9028807794,1188822154.0800002,20.163198,0.0,,,0.25,backfill
2024-10-31,19.091513,58960000.0,0.0075766086020416,446716.8431763741,1125635606.4799998,19.091513,0.0,,,0.25,backfill
2024-11-01,18.986397,61560000.0,0.0075765567078175,466412.8309332512,1168802599.32,18.986397,0.0,,,0.25,backfill
2024-11-04,18.357996,61560000.0,0.0075764010272781,466403.247239242,1130118233.76,18.357996,0.0,,,0.25,backfill
2024-11-05,18.38119,62160000.0,0.0075763491344758,470945.8621990185,1142574770.4,18.38119,0.0,,,0.25,backfill
2024-11-06,20.341209,62160000.0,0.0075762972420289,470942.6365645215,1264409551.44,20.341209,0.0,,,0.25,backfill
2024-11-07,21.907684,62160000.0,0.0075762453499375,470939.41095211776,1361781637.4399998,21.907684,0.0,,,0.25,backfill
2024-11-08,22.30152,63240000.0,0.0075761934582015,479118.4742966648,1410348124.8000002,22.30152,0.0,,,0.25,backfill
2024-11-11,25.278596,65920000.0,0.0075760377851259,499412.4107955058,1666365048.3200002,25.278596,0.0,,,0.25,backfill
2024-11-12,24.895064,69920000.0,0.0075759858948116,529712.9337652306,1740662874.8800004,24.895064,0.0,,,0.25,backfill
2024-11-13,24.072493,75200000.0,0.0075759340048527,569710.237164924,1810251473.6,24.072493,0.0,,,0.25,backfill
2024-11-14,23.586569,76680000.0,0.0075758821152491,580918.6405973075,1808618110.92,23.586569,0.0,,,0.25,backfill
2024-11-15,23.24212,77480000.0,0.007575830226001,586975.3259105623,1800799457.5999997,23.24212,0.0,,,0.25,backfill
2024-11-18,23.913746,77480000.0,0.0075756745603891,586963.2649389477,1852837040.08,23.913746,0.0,,,0.25,backfill
2024-11-19,23.603527,76480000.0,0.0075756226725625,579383.6219975861,1805197744.96,23.603527,0.0,,,0.25,backfill
2024-11-20,23.255366,75880000.0,0.0075755707850914,574834.3111727391,1764617172.08,23.255366,0.0,,,0.25,backfill
2024-11-21,25.407255,76600000.0,0.0075755188979757,580284.7475849394,1946195733.0,25.407255,0.0,,,0.25,backfill
2024-11-22,24.919204,76600000.0,0.0075754670112153,580280.7730590965,1908811026.4,24.919204,0.0,,,0.25,backfill
2024-11-25,26.387336,80600000.0,0.0075753113530666,610570.0950571693,2126819281.6000004,26.387336,0.0,,,0.25,backfill
2024-11-26,25.064449,80600000.0,0.0075752594677277,610565.9130988604,2020194589.4,25.064449,0.0,,,0.25,backfill
2024-11-27,27.400509,82600000.0,0.0075752075827443,625712.1463346836,2263282043.4,27.400509,0.0,,,0.25,backfill
2024-11-29,27.216595,82600000.0,0.0075751038138435,625703.5750234802,2248090747.0,27.216595,0.0,,,0.25,backfill
2024-12-02,27.410917,91800000.0,0.0075749481631577,695380.241377877,2516322180.6,27.410917,0.0,,,0.25,backfill
2024-12-03,27.20536,93840000.0,0.0075748962803064,710828.2669439589,2552950982.4,27.20536,0.0,,,0.25,backfill
2024-12-04,29.327961,96240000.0,0.0075748443978105,729003.0248452914,2822522966.64,29.327961,0.0,,,0.25,backfill
2024-12-05,28.922073,100480000.0,0.00757479251567,761115.1519745291,2906089895.0400004,28.922073,0.0,,,0.25,backfill
2024-12-06,30.856583,110600000.0,0.0075747406338849,837766.3141076711,3412738079.8,30.856583,0.0,,,0.25,backfill
2024-12-09,28.561186,111720000.0,0.0075745849906615,846232.6351567055,3190855699.92,28.561186,0.0,,,0.25,backfill
2024-12-10,27.586958,117160000.0,0.0075745331102977,887432.2992024851,3232087999.28,27.586958,0.0,,,0.25,backfill
2024-12-11,28.968392,120120000.0,0.0075744812302893,909846.6853823544,3479683247.04,28.968392,0.0,,,0.25,backfill
2024-12-12,29.405612,122680000.0,0.0075744293506362,929230.9927360544,3607480480.16,29.405612,0.0,,,0.25,backfill
2024-12-13,29.709167,129560000.0,0.0075743774713384,981336.3451866156,3849119676.520001,29.709167,0.0,,,0.25,backfill
2024-12-16,30.723468,129880000.0,0.0075742218355772,983739.9320047732,3990364023.84,30.723468,0.0,,,0.25,backfill
2024-12-17,29.833352,130880000.0,0.0075741699577008,991307.3640638844,3904589109.76,29.833352,0.0,,,0.25,backfill
2024-12-18,28.050319,135400000.0,0.0075741180801797,1025535.5880563356,3798013192.6,28.050319,0.0,,,0.25,backfill
2024-12-19,25.558924,138320000.0,0.0075740662030139,1047644.8372008906,3535310367.6800003,25.558924,0.0,,,0.25,backfill
2024-12-20,26.181159,138320000.0,0.0075740143262035,1047637.6616004688,3621377912.88,26.181159,0.0,,,0.25,backfill
2024-12-23,25.429795,134360000.0,0.007573858697904,1017623.6546503876,3416747256.2000003,25.429795,0.0,,,0.25,backfill
2024-12-24,26.132837,137880000.0,0.0075738068225148,1044276.4846883476,3603195565.56,26.132837,0.0,,,0.25,backfill
2024-12-26,25.156613,139560000.0,0.0075737030728023,1056986.0008403007,3510856910.2800007,25.156613,0.0,,,0.25,backfill
2024-12-27,25.285245,140680000.0,0.0075736511984791,1065461.250602041,3557128266.6,25.285245,0.0,,,0.25,backfill
2024-12-30,25.761709,141480000.0,0.007573495577641,1071498.154324659,3644766589.32,25.761709,0.0,,,0.25,backfill
2024-12-31,25.334938,141480000.0,0.0075734437047389,1071490.8153464715,3584387028.24,25.334938,0.0,,,0.25,backfill
2025-01-02,26.202572,141480000.0,0.0075733399600006,1071476.137540897,3707139886.56,26.202572,0.0,,,0.25,backfill
2025-01-03,27.325518,141480000.0,0.0075732880881644,1071468.7987135083,3866014286.64,27.325518,0.0,,,0.25,backfill
2025-01-06,27.951957,142720000.0,0.0075731324747875,1080837.466801672,3989303303.04,27.951957,0.0,,,0.25,backfill
2025-01-07,25.610227,147160000.0,0.0075730806043724,1114454.5417394424,3768801005.32,25.610227,0.0,,,0.25,backfill
2025-01-08,24.839049,147160000.0,0.0075730287343125,1114446.908541439,3655314450.84,24.839049,0.0,,,0.25,backfill
2025-01-10,24.790293,147160000.0,0.0075729249952587,1114431.6423022768,3648139517.88,24.790293,0.0,,,0.25,backfill
2025-01-13,23.028328,147160000.0,0.0075727693893424,1114408.7433356408,3388848748.4799995,23.028328,0.0,,,0.25,backfill
2025-01-14,24.330018,147720000.0,0.0075727175214142,1118641.8322633149,3594030258.9600005,24.330018,0.0,,,0.25,backfill
2025-01-15,26.116535,147720000.0,0.0075726656538412,1118634.1703854357,3857934550.2,26.116535,0.0,,,0.25,backfill
2025-01-16,25.27009,148480000.0,0.0075726137866235,1124381.695037868,3752102963.2,25.27009,0.0,,,0.25,backfill
2025-01-17,26.368378,152880000.0,0.0075725619197611,1157693.2662930784,4031197628.64,26.368378,0.0,,,0.25,backfill
2025-01-21,25.140086,153160000.0,0.0075723544558637,1159781.808460089,3850455571.76,25.140086,0.0,,,0.25,backfill
2025-01-22,24.720484,155400000.0,0.0075723025907774,1176735.8226068222,3841563213.6,24.720484,0.0,,,0.25,backfill
2025-01-23,24.624059,158600000.0,0.0075722507260464,1200958.965150974,3905375757.4,24.624059,0.0,,,0.25,backfill
2025-01-24,25.369106,158600000.0,0.0075721988616707,1200950.7394609775,4023540211.6,25.369106,0.0,,,0.25,backfill
2025-01-27,23.513918,158600000.0,0.0075720432706748,1200926.062729027,3729307394.8,23.513918,0.0,,,0.25,backfill
2025-01-28,23.697965,159480000.0,0.0075719914077199,1207581.189703182,3779351458.2,23.697965,0.0,,,0.25,backfill
2025-01-29,23.725193,159480000.0,0.0075719395451203,1207572.918655794,3783693779.64,23.725193,0.0,,,0.25,backfill
2025-01-30,24.646824,159880000.0,0.0075718876828759,1210593.402738207,3940534221.12,24.646824,0.0,,,0.25,backfill
2025-01-31,25.11731,163120000.0,0.0075718358209867,1235117.8591193613,4097135607.2,25.11731,0.0,,,0.25,backfill
2025-02-03,20.662087,165400000.0,0.0075716802374504,1252355.9112743123,3417509189.8,20.662087,0.0,,,0.25,backfill
2025-02-04,20.795341,165400000.0,0.0075716283769821,1252347.3335528497,3439549401.4,20.795341,0.0,,,0.25,backfill
2025-02-05,20.97297,178680000.0,0.007571576516869,1352889.2920341592,3747450279.6,20.97297,0.0,,,0.25,backfill
2025-02-06,20.484417,178680000.0,0.0075715246571111,1352880.025732613,3660155629.56,20.484417,0.0,,,0.25,backfill
2025-02-07,19.845351,179200000.0,0.0075714727977083,1356807.9253493426,3556286899.200001,19.845351,0.0,,,0.25,backfill
2025-02-10,20.26527,179200000.0,0.0075713172216313,1356780.0461163465,3631536384.0,20.26527,0.0,,,0.25,backfill
2025-02-11,19.653539,179200000.0,0.0075712653636494,1356770.7531659824,3521914188.8,19.653539,0.0,,,0.25,backfill
2025-02-12,20.294017,179840000.0,0.0075712135060227,1361607.0369231228,3649676017.28,20.294017,0.0,,,0.25,backfill
2025-02-13,20.082476,179840000.0,0.0075711616487511,1361597.7109114043,3611632483.839999,20.082476,0.0,,,0.25,backfill
2025-02-14,20.759517,180440000.0,0.0075711097918347,1366131.050838663,3745847247.48,20.759517,0.0,,,0.25,backfill
2025-02-18,19.905845,180440000.0,0.007570902367721,1366093.623231581,3591810671.799999,19.905845,0.0,,,0.25,backfill
2025-02-19,20.586294,180440000.0,0.0075708505125805,1366084.2664900296,3714590889.36,20.586294,0.0,,,0.25,backfill
2025-02-20,20.841261,180440000.0,0.0075707986577951,1366074.9098125652,3760597134.84,20.841261,0.0,,,0.25,backfill
2025-02-21,20.021633,180440000.0,0.007570746803365,1366065.5531991876,3612703458.520001,20.021633,0.0,,,0.25,backfill
2025-02-24,20.086402,180440000.0,0.0075705912422055,1366037.4837435673,3624390376.88,20.086402,0.0,,,0.25,backfill
2025-02-25,18.826536,178040000.0,0.007570539389196,1347858.83285246,3351876469.44,18.826536,0.0,,,0.25,backfill
2025-02-26,17.439869,178040000.0,0.0075704875365416,1347849.6010058778,3104994276.76,17.439869,0.0,,,0.25,backfill
2025-02-27,17.145522,174040000.0,0.0075704356842424,1317558.6264855573,2984006648.88,17.145522,0.0,,,0.25,backfill
2025-02-28,16.757906,172520000.0,0.0075703838322984,1306042.61874812,2891073943.12,16.757906,0.0,,,0.25,backfill
2025-03-03,16.058777,170720000.0,0.0075702282785971,1292389.3717220982,2741554409.44,16.058777,0.0,,,0.25,backfill
2025-03-04,16.419847,169720000.0,0.0075701764280736,1284810.3433726565,2786776432.84,16.419847,0.0,,,0.25,backfill
2025-03-05,16.845267,168120000.0,0.0075701245779052,1272689.344037437,2832026288.04,16.845267,0.0,,,0.25,backfill
2025-03-06,16.681599,168120000.0,0.007570072728092,1272680.6270468407,2804510423.88,16.681599,0.0,,,0.25,backfill
2025-03-07,16.427574,167520000.0,0.007570020878634,1268129.8975887692,2751947196.48,16.427574,0.0,,,0.25,backfill
2025-03-10,14.052043,166840000.0,0.0075698653323905,1262956.332056042,2344442854.12,14.052043,0.0,,,0.25,backfill
2025-03-11,14.773686,166840000.0,0.007569813484353,1262947.681729455,2464841772.24,14.773686,0.0,,,0.25,backfill
2025-03-12,14.19789,166040000.0,0.0075697616366705,1256883.22215278,2357417655.6,14.19789,0.0,,,0.25,backfill
2025-03-13,13.993615,166040000.0,0.0075697097893432,1256874.613422551,2323499834.6000004,13.993615,0.0,,,0.25,backfill
2025-03-14,14.663936,164960000.0,0.007569657942371,1248690.7741735247,2418962882.56,14.663936,0.0,,,0.25,backfill
2025-03-17,14.731688,162480000.0,0.007569502403585,1229892.7505345035,2393604666.24,14.731688,0.0,,,0.25,backfill
2025-03-18,14.346421,162480000.0,0.0075694505580333,1229884.3266692525,2331006484.08,14.346421,0.0,,,0.25,backfill
2025-03-19,15.39969,159680000.0,0.0075693987128366,1208681.5864657562,2459022499.2,15.39969,0.0,,,0.25,backfill
2025-03-20,14.927595,158840000.0,0.007569346867995,1202315.0565123395,2371099189.8,14.927595,0.0,,,0.25,backfill
2025-03-21,14.923383,158240000.0,0.0075692950235086,1197765.2445200048,2361476125.92,14.923383,0.0,,,0.25,backfill
2025-03-24,15.829322,157440000.0,0.0075691394921798,1191685.3216487896,2492168455.68,15.829322,0.0,,,0.25,backfill
2025-03-25,15.677499,157440000.0,0.0075690876491137,1191677.159476464,2468265442.56,15.677499,0.0,,,0.25,backfill
2025-03-26,15.096628,157440000.0,0.0075690358064027,1191668.9973600442,2376813112.32,15.096628,0.0,,,0.25,backfill
2025-03-27,15.208457,157440000.0,0.0075689839640468,1191660.8352995284,2394419470.08,15.208457,0.0,,,0.25,backfill
2025-03-28,14.206564,157440000.0,0.0075689321220459,1191652.6732949167,2236681436.1600003,14.206564,0.0,,,0.25,backfill
2025-03-31,13.90061,157440000.0,0.0075687765981739,1191628.187616503,2188512038.4,13.90061,0.0,,,0.25,backfill
2025-04-01,14.434754,157440000.0,0.0075687247575933,1191620.0258355043,2272607669.76,14.434754,0.0,,,0.25,backfill
2025-04-02,14.40458,157440000.0,0.0075686729173679,1191611.864110408,2267857075.2,14.40458,0.0,,,0.25,backfill
2025-04-03,13.521001,156040000.0,0.0075686210774975,1181007.6329327165,2109816996.04,13.521001,0.0,,,0.25,backfill
2025-04-04,13.700433,156040000.0,0.0075685692379822,1180999.5438947447,2137815565.32,13.700433,0.0,,,0.25,backfill
2025-04-07,11.731897,156040000.0,0.0075684137215665,1180975.2771132516,1830645207.88,11.731897,0.0,,,0.25,backfill
2025-04-08,11.087229,156040000.0,0.0075683618834715,1180967.1882968931,1730051213.1599998,11.087229,0.0,,,0.25,backfill
2025-04-09,12.396281,156040000.0,0.0075683100457314,1180959.0995359377,1934315687.24,12.396281,0.0,,,0.25,backfill
2025-04-10,11.484586,155600000.0,0.0075682582083464,1177620.9772187115,1787001581.6,11.484586,0.0,,,0.25,backfill
2025-04-11,11.8592,156160000.0,0.0075682063713165,1181851.10694479,1851932672.0,11.8592,0.0,,,0.25,backfill
2025-04-14,12.409179,156160000.0,0.0075680508623569,1181826.822665666,1937817392.64,12.409179,0.0,,,0.25,backfill
2025-04-15,12.162776,156160000.0,0.0075679990267472,1181818.7280168445,1899339100.16,12.162776,0.0,,,0.25,backfill
2025-04-16,11.854083,156160000.0,0.0075679471914924,1181810.6334234644,1851133601.28,11.854083,0.0,,,0.25,backfill
2025-04-17,12.018361,155800000.0,0.0075678953565927,1179078.0965571536,1872460643.8,12.018361,0.0,,,0.25,backfill
2025-04-21,11.926546,155800000.0,0.0075676880205442,1179045.7936007937,1858155866.8,11.926546,0.0,,,0.25,backfill
2025-04-22,12.850119,155800000.0,0.0075676361874196,1179037.717999986,2002048540.2000003,12.850119,0.0,,,0.25,backfill
2025-04-23,13.518017,155800000.0,0.0075675843546501,1179029.6424544894,2106107048.6,13.518017,0.0,,,0.25,backfill
2025-04-24,13.344043,153560000.0,0.0075675325222355,1162070.2941144973,2049111243.08,13.344043,0.0,,,0.25,backfill
2025-04-25,13.606256,156560000.0,0.007567480690176,1184764.7768539654,2130195439.36,13.606256,0.0,,,0.25,backfill
2025-04-28,13.602114,160560000.0,0.0075673251961275,1215009.7334902417,2183955423.84,13.602114,0.0,,,0.25,backfill
2025-04-29,13.807484,165520000.0,0.007567273365488,1252535.087455586,2285414751.68,13.807484,0.0,,,0.25,backfill
2025-04-30,13.498334,165520000.0,0.0075672215352035,1252526.5085068978,2234244243.68,13.498334,0.0,,,0.25,backfill
2025-05-01,14.002818,165520000.0,0.0075671697052741,1252517.929616969,2317746435.36,14.002818,0.0,,,0.25,backfill
2025-05-02,13.960538,165520000.0,0.0075671178756996,1252509.350785799,2310748249.76,13.960538,0.0,,,0.25,backfill
2025-05-05,13.778602,166960000.0,0.007566962389106,1263380.0404851534,2300475389.92,13.778602,0.0,,,0.25,backfill
2025-05-06,13.533332,166960000.0,0.0075669105609515,1263371.3872564738,2259525110.72,13.533332,0.0,,,0.25,backfill
2025-05-07,13.608665,166960000.0,0.007566858733152,1263362.734087062,2272102708.4,13.608665,0.0,,,0.25,backfill
2025-05-08,15.749691,165360000.0,0.0075668069057074,1251247.1899277868,2604368903.76,15.749691,0.0,,,0.25,backfill
2025-05-09,17.60615,165360000.0,0.0075667550786178,1251238.6198002538,2911352964.0,17.60615,0.0,,,0.25,backfill
2025-05-12,18.58881,166360000.0,0.007566599599479,1258779.5093693277,3092434431.6000004,18.58881,0.0,,,0.25,backfill
2025-05-13,20.347243,166360000.0,0.0075665477738093,1258770.8876509191,3384967345.48,20.347243,0.0,,,0.25,backfill
2025-05-14,19.728925,166360000.0,0.0075664959484946,1258762.2659915627,3282103962.9999995,19.728925,0.0,,,0.25,backfill
2025-05-15,19.169796,169280000.0,0.0075664441235348,1280847.661231981,3245063066.8800006,19.169796,0.0,,,0.25,backfill
2025-05-16,19.57612,169720000.0,0.00756639229893,1284168.1009744117,3322459086.4,19.57612,0.0,,,0.25,backfill
2025-05-19,18.973688,169720000.0,0.0075662368272454,1284141.7143201,3220214327.36,18.973688,0.0,,,0.25,backfill
2025-05-20,18.768215,170440000.0,0.0075661850040605,1289580.5720920726,3198854564.6000004,18.768215,0.0,,,0.25,backfill
2025-05-21,18.836024,172840000.0,0.0075661331812304,1307730.4590438793,3255618388.16,18.836024,0.0,,,0.25,backfill
2025-05-22,20.03381,174160000.0,0.0075660813587554,1317708.7294408472,3489088349.6,20.03381,0.0,,,0.25,backfill
2025-05-23,19.427527,174160000.0,0.0075660295366353,1317699.704100408,3383498102.32,19.427527,0.0,,,0.25,backfill
2025-05-27,20.298356,176880000.0,0.0075658222517042,1338242.6398814532,3590373209.28,20.298356,0.0,,,0.25,backfill
2025-05-28,19.955438,178480000.0,0.0075657704313588,1350338.7065889295,3561646574.24,19.955438,0.0,,,0.25,backfill
2025-05-29,20.01794,181120000.0,0.0075657186113683,1370302.9548910398,3625649292.8,20.01794,0.0,,,0.25,backfill
2025-05-30,19.511179,183640000.0,0.0075656667917328,1389359.049633814,3583032911.56,19.511179,0.0,,,0.25,backfill
2025-06-02,19.205486,187240000.0,0.0075655113349556,1416566.3423571023,3596035198.6400003,19.205486,0.0,,,0.25,backfill
2025-06-03,19.86071,189760000.0,0.0075654595167398,1435621.5978965478,3768768329.6,19.86071,0.0,,,0.25,backfill
2025-06-04,19.886808,193640000.0,0.0075654076988788,1464965.5468109034,3850881501.12,19.886808,0.0,,,0.25,backfill
2025-06-05,19.252681,197320000.0,0.0075653558813728,1492796.022512487,3798939014.92,19.252681,0.0,,,0.25,backfill
2025-06-06,18.876128,199120000.0,0.0075653040642217,1506403.345267826,3758614607.3600006,18.876128,0.0,,,0.25,backfill
2025-06-09,19.549429,199960000.0,0.0075651486148977,1512727.1170349598,3909103822.839999,19.549429,0.0,,,0.25,backfill
2025-06-10,20.986042,201760000.0,0.0075650967991662,1526333.9301997882,4234143833.92,20.986042,0.0,,,0.25,backfill
2025-06-11,21.307852,205600000.0,0.0075650449837896,1555373.2486671575,4380894371.2,21.307852,0.0,,,0.25,backfill
2025-06-12,20.63632,213280000.0,0.0075649931687679,1613461.743034833,4401314329.6,20.63632,0.0,,,0.25,backfill
2025-06-13,19.152915,218200000.0,0.0075649413541011,1650670.2034648743,4179166053.0,19.152915,0.0,,,0.25,backfill
2025-06-16,20.10141,218200000.0,0.00756478591223,1650636.2860486049,4386127662.0,20.10141,0.0,,,0.25,backfill
2025-06-17,19.119328,219000000.0,0.0075647340989828,1656676.7676772403,4187132832.0,19.119328,0.0,,,0.25,backfill
2025-06-18,18.885868,220920000.0,0.0075646822860904,1671189.610643105,4172265958.56,18.885868,0.0,,,0.25,backfill
2025-06-20,18.249675,221720000.0,0.0075645786613703,1677218.3807990365,4046317941.000001,18.249675,0.0,,,0.25,backfill
2025-06-23,17.454115,220640000.0,0.0075644232269517,1669014.3407946385,3851075933.6,17.454115,0.0,,,0.25,backfill
2025-06-24,18.416951,222120000.0,0.0075643714161886,1680198.1789638218,4090773156.12,18.416951,0.0,,,0.25,backfill
2025-06-25,18.393636,227440000.0,0.0075643196057803,1720428.8511386912,4183448571.84,18.393636,0.0,,,0.25,backfill
2025-06-26,18.419581,230440000.0,0.0075642677957269,1743109.870847328,4244608245.64,18.419581,0.0,,,0.25,backfill
2025-06-27,18.220631,230760000.0,0.0075642159860284,1745518.4809359268,4204592809.56,18.220631,0.0,,,0.25,backfill
2025-06-30,18.954456,233400000.0,0.0075640605590619,1765451.7344850702,4423970030.400001,18.954456,0.0,,,0.25,backfill
2025-07-01,18.278474,233720000.0,0.0075640087507828,1767860.125232975,4272044943.28,18.278474,0.0,,,0.25,backfill
2025-07-02,19.535956,236720000.0,0.0075639569428586,1790539.8875134918,4624551504.32,19.535956,0.0,,,0.25,backfill
2025-07-03,19.583682,234320000.0,0.0075639051352891,1772374.2513009647,4588848366.24,19.583682,0.0,,,0.25,backfill
2025-07-07,19.278051,238680000.0,0.0075636979085599,1805303.416815085,4601285212.68,19.278051,0.0,,,0.25,backfill
2025-07-08,19.757119,241440000.0,0.0075636461027647,1826166.7150515115,4770158811.360001,19.757119,0.0,,,0.25,backfill
2025-07-09,20.762258,242720000.0,0.0075635942973243,1835835.607846558,5039415261.759999,20.762258,0.0,,,0.25,backfill
2025-07-10,21.312591,250360000.0,0.0075635424922387,1893608.4983568944,5335820282.76,21.312591,0.0,,,0.25,backfill
2025-07-11,22.69572,264480000.0,0.007563490687508,2000392.0170321208,6002564025.6,22.69572,0.0,,,0.25,backfill
2025-07-14,22.67153,270520000.0,0.0075633352754447,2046033.458713313,6133102295.6,22.67153,0.0,,,0.25,backfill
2025-07-15,23.17811,277200000.0,0.0075632834721332,2096542.1784753487,6424972092.0,23.17811,0.0,,,0.25,backfill
2025-07-16,25.419961,284600000.0,0.0075632316691766,2152495.7330476767,7234520900.599999,25.419961,0.0,,,0.25,backfill
2025-07-17,26.033507,304240000.0,0.0075631798665748,2301021.842606727,7920434169.68,26.033507,0.0,,,0.25,backfill
2025-07-18,26.974651,325240000.0,0.0075631280643278,2459831.771641979,8773235491.24,26.974651,0.0,,,0.25,backfill
2025-07-21,28.328204,339880000.0,0.0075629726597156,2570503.14758414,9628189975.52,28.328204,0.0,,,0.25,backfill
2025-07-22,27.967217,343480000.0,0.0075629208588878,2597712.056610783,9606179695.160002,27.967217,0.0,,,0.25,backfill
2025-07-23,27.234223,358720000.0,0.0075628690584148,2712952.3886345574,9769460474.56,27.234223,0.0,,,0.25,backfill
2025-07-24,28.308249,370640000.0,0.0075628172582965,2803082.5886150496,10492169409.36,28.308249,0.0,,,0.25,backfill
2025-07-25,27.644375,370640000.0,0.0075627654585331,2803063.389550738,10246111150.000002,27.644375,0.0,,,0.25,backfill
2025-07-28,28.684818,386560000.0,0.0075626100613716,2923402.5453238334,11088403246.08,28.684818,0.0,,,0.25,backfill
2025-07-29,28.53709,391160000.0,0.0075625582630274,2958170.290165799,11162568124.4,28.53709,0.0,,,0.25,backfill
2025-07-30,28.185843,399000000.0,0.0075625064650379,3017440.079550129,11246151356.999998,28.185843,0.0,,,0.25,backfill
2025-07-31,28.401277,399720000.0,0.0075624546674032,3022864.3796544108,11352558442.44,28.401277,0.0,,,0.25,backfill
2025-08-01,26.75347,400360000.0,0.0075624028701232,3027683.613082556,10711019249.2,26.75347,0.0,,,0.25,backfill
2025-08-04,27.817055,400360000.0,0.0075622474804121,3027621.4012577934,11136836139.8,27.817055,0.0,,,0.25,backfill
2025-08-05,27.065113,386880000.0,0.0075621956845512,2925662.2664391915,10470950917.44,27.065113,0.0,,,0.25,backfill
2025-08-06,27.821894,390160000.0,0.0075621438890451,2950446.059749864,10854990163.04,27.821894,0.0,,,0.25,backfill
2025-08-07,29.079376,391360000.0,0.0075620920938938,2959500.3618662944,11380504591.36,29.079376,0.0,,,0.25,backfill
2025-08-08,30.616237,394920000.0,0.0075620402990972,2986400.954919496,12090964316.04,30.616237,0.0,,,0.25,backfill
2025-08-11,32.443553,403240000.0,0.007561884916836,3049254.473864988,13082538311.72,32.443553,0.0,,,0.25,backfill
2025-08-12,34.045981,422960000.0,0.0075618331234585,3198352.937898024,14400088123.759998,34.045981,0.0,,,0.25,backfill
2025-08-13,35.775026,432320000.0,0.0075617813304357,3269109.304773974,15466259240.320002,35.775026,0.0,,,0.25,backfill
2025-08-14,34.461365,446320000.0,0.0075617295377676,3374951.127296463,15380796426.8,34.461365,0.0,,,0.25,backfill
2025-08-15,33.276396,461400000.0,0.0075616777454543,3488958.111752631,15353729114.399998,33.276396,0.0,,,0.25,backfill
2025-08-18,33.01678,471560000.0,0.0075615223706427,3565711.4891003147,15569392776.8,33.01678,0.0,,,0.25,backfill
2025-08-19,31.353183,468920000.0,0.0075614705797484,3545724.7842556243,14702134572.360004,31.353183,0.0,,,0.25,backfill
2025-08-20,32.713742,468720000.0,0.0075614187892087,3544188.2148779286,15333585150.240002,32.713742,0.0,,,0.25,backfill
2025-08-21,32.086534,460840000.0,0.0075613669990238,3484580.367830143,14786758328.56,32.086534,0.0,,,0.25,backfill
2025-08-22,36.457162,468120000.0,0.0075613152091936,3539602.875727724,17066326675.439997,36.457162,0.0,,,0.25,backfill
2025-08-25,34.079001,471120000.0,0.0075611598418313,3562213.62468359,16055298951.12,34.079001,0.0,,,0.25,backfill
2025-08-26,34.513978,480360000.0,0.00756110805342,3632053.864540848,16579134472.08,34.513978,0.0,,,0.25,backfill
2025-08-27,34.556185,489720000.0,0.0075610562653634,3702800.474273776,16922854918.2,34.556185,0.0,,,0.25,backfill
2025-08-28,33.812103,497320000.0,0.0075610044776615,3760238.746830628,16815435063.96,33.812103,0.0,,,0.25,backfill
2025-08-29,32.882157,499320000.0,0.0075609526903143,3775334.89732775,16418718633.24,32.882157,0.0,,,0.25,backfill
2025-09-02,32.366924,499320000.0,0.0075607455444725,3775231.465266051,16161452491.679998,32.366924,0.0,,,0.25,backfill
2025-09-03,33.791763,499320000.0,0.0075606937588988,3775205.607693394,16872903101.160002,33.791763,0.0,,,0.25,backfill
2025-09-04,32.347252,494840000.0,0.0075606419736798,3741308.07425576,16006714179.679998,32.347252,0.0,,,0.25,backfill
2025-09-05,32.688054,499440000.0,0.0075605901888155,3776061.163902058,16325721689.76,32.688054,0.0,,,0.25,backfill
2025-09-08,32.55009,489960000.0,0.0075604348363507,3704310.6524184328,15948242096.399998,32.55009,0.0,,,0.25,backfill
2025-09-09,32.467876,484040000.0,0.0075603830529052,3659527.812928244,15715750699.04,32.467876,0.0,,,0.25,backfill
2025-09-10,32.674818,485400000.0,0.0075603312698143,3669784.7983678775,15860356657.200005,32.674818,0.0,,,0.25,backfill
2025-09-11,33.450607,487680000.0,0.0075602794870781,3686997.100258258,16313192021.759998,33.450607,0.0,,,0.25,backfill
2025-09-12,35.076826,487160000.0,0.0075602277046965,3683040.5286199865,17088026554.159996,35.076826,0.0,,,0.25,backfill
2025-09-15,34.006715,491880000.0,0.0075600723596799,3718648.392279391,16727222974.2,34.006715,0.0,,,0.25,backfill
2025-09-16,33.903321,502560000.0,0.0075600205787171,3799363.9420400746,17038453001.76,33.903321,0.0,,,0.25,backfill
2025-09-17,34.030987,501960000.0,0.0075599687981089,3794801.93789875,17082194234.520002,34.030987,0.0,,,0.25,backfill
2025-09-18,34.792846,502720000.0,0.0075599170178553,3800521.4832162494,17491059541.12,34.792846,0.0,,,0.25,backfill
2025-09-19,33.713456,502720000.0,0.0075598652379564,3800495.45242548,16948428600.320002,33.713456,0.0,,,0.25,backfill
2025-09-22,31.390039,507000000.0,0.0075597099003877,3832772.919496576,15914749773.000002,31.390039,0.0,,,0.25,backfill
2025-09-23,31.502368,506520000.0,0.0075596581219074,3829118.0319085545,15956579439.36,31.502368,0.0,,,0.25,backfill
2025-09-24,31.509715,506520000.0,0.0075596063437817,3829091.8052523546,15960300841.8,31.509715,0.0,,,0.25,backfill
2025-09-25,29.731109,505680000.0,0.0075595545660107,3822715.552940339,15034427199.12,29.731109,0.0,,,0.25,backfill
2025-09-26,30.467962,505680000.0,0.0075595027885944,3822689.370136433,15407039024.16,30.467962,0.0,,,0.25,backfill
2025-09-29,31.598366,499120000.0,0.0075593474584731,3773021.5034731287,15771376437.92,31.598366,0.0,,,0.25,backfill
2025-09-30,31.243729,504000000.0,0.0075592956824753,3809885.023967574,15746839416.0,31.243729,0.0,,,0.25,backfill
2025-10-01,32.717023,508080000.0,0.0075592439068321,3840700.644183277,16622865045.839998,32.717023,0.0,,,0.25,backfill
2025-10-02,34.0587,508880000.0,0.0075591921315435,3846721.691899895,17331791256.0,34.0587,0.0,,,0.25,backfill
2025-10-03,34.223351,514080000.0,0.0075591403566096,3886002.8745258776,17593540282.08,34.223351,0.0,,,0.25,backfill
2025-10-06,35.611368,520120000.0,0.0075589850339354,3931579.295850528,18522184724.16,35.611368,0.0,,,0.25,backfill
2025-10-07,33.862781,522720000.0,0.00755893326042,3951205.593886748,17700752884.32,33.862781,0.0,,,0.25,backfill
2025-10-08,34.146055,535640000.0,0.0075588814872591,4048839.279835485,18289992900.2,34.146055,0.0,,,0.25,backfill
2025-10-09,32.741936,540000000.0,0.0075588297144528,4081768.045804553,17680645440.0,32.741936,0.0,,,0.25,backfill
2025-10-10,30.376164,541200000.0,0.0075587779420012,4090810.62221106,16439579956.8,30.376164,0.0,,,0.25,backfill
2025-10-13,32.171212,538560000.0,0.0075586226267738,4070771.801875328,17326127934.719997,32.171212,0.0,,,0.25,backfill
2025-10-14,31.122816,528920000.0,0.0075585708557406,3997879.2970183184,16461479838.72,31.122816,0.0,,,0.25,backfill
2025-10-15,30.207901,528920000.0,0.0075585190850619,3997851.91447096,15977562996.92,30.207901,0.0,,,0.25,backfill
2025-10-16,29.315152,534360000.0,0.0075584673147378,4038942.594303324,15664844622.72,29.315152,0.0,,,0.25,backfill
2025-10-17,28.979955,535960000.0,0.0075584155447683,4051008.395374059,15532096681.8,28.979955,0.0,,,0.25,backfill
2025-10-20,30.0673,530920000.0,0.0075582602369874,4012831.525021368,15963330916.0,30.0673,0.0,,,0.25,backfill
2025-10-21,30.327151,527000000.0,0.0075582084684362,3983175.86286592,15982408577.0,30.327151,0.0,,,0.25,backfill
2025-10-22,28.83163,528400000.0,0.0075581567002397,3993730.00040666,15234633292.0,28.83163,0.0,,,0.25,backfill
2025-10-23,29.188285,532240000.0,0.0075581049323977,4022725.769219352,15535172808.400002,29.188285,0.0,,,0.25,backfill
2025-10-24,29.703209,531440000.0,0.0075580531649102,4016651.7739599138,15785473390.96,29.703209,0.0,,,0.25,backfill
2025-10-27,31.794022,528040000.0,0.0075578978645753,3990872.388410387,16788515376.879995,31.794022,0.0,,,0.25,backfill
2025-10-28,30.795847,530320000.0,0.0075578460985062,4008076.942959818,16331653581.04,30.795847,0.0,,,0.25,backfill
2025-10-29,29.666781,532800000.0,0.0075577943327916,4026792.82051137,15806460916.8,29.666781,0.0,,,0.25,backfill
2025-10-30,28.095421,533520000.0,0.0075577425674315,4032206.8145760857,14989469011.92,28.095421,0.0,,,0.25,backfill
2025-10-31,29.264768,529320000.0,0.007557690802426,4000436.895540164,15490426997.759998,29.264768,0.0,,,0.25,backfill
2025-11-03,27.231722,528000000.0,0.0075575355095368,3990378.749035474,14378349216.000002,27.231722,0.0,,,0.25,backfill
2025-11-04,24.148798,525000000.0,0.0075574837459495,3967678.96662353,12678118950.0,24.148798,0.0,,,0.25,backfill
2025-11-05,26.180099,520400000.0,0.0075574319827168,3932887.6038058335,13624123519.599998,26.180099,0.0,,,0.25,backfill
2025-11-06,25.027837,514800000.0,0.0075573802198386,3890539.337172914,12884330487.600002,25.027837,0.0,,,0.25,backfill
2025-11-07,26.085314,515120000.0,0.0075573284573149,3892931.034932064,13437066947.68,26.085314,0.0,,,0.25,backfill
2025-11-10,26.98503,516440000.0,0.007557173171871,3902826.512881105,13936148893.2,26.98503,0.0,,,0.25,backfill
2025-11-11,26.031901,516440000.0,0.0075571214107655,3902799.781375753,13443914952.440002,26.031901,0.0,,,0.25,backfill
2025-11-12,25.853305,515680000.0,0.0075570696500145,3897029.6771194814,13332032322.4,25.853305,0.0,,,0.25,backfill
2025-11-13,24.005298,512160000.0,0.007557017889618,3870402.282346757,12294553423.679998,24.005298,0.0,,,0.25,backfill
2025-11-14,23.932857,506440000.0,0.007556966129576,3827149.926662481,12120556099.08,23.932857,0.0,,,0.25,backfill
2025-11-17,22.551587,499200000.0,0.0075568108515771,3772359.9771073246,11257752230.4,22.551587,0.0,,,0.25,backfill
2025-11-18,23.716515,490640000.0,0.0075567590929532,3707648.281366584,11636270919.6,23.716515,0.0,,,0.25,backfill
2025-11-19,21.955224,483680000.0,0.0075567073346838,3655028.203639876,10619302744.32,21.955224,0.0,,,0.25,backfill
2025-11-20,21.433956,482560000.0,0.0075566555767689,3646539.715125612,10343169807.36,21.433956,0.0,,,0.25,backfill
2025-11-21,20.647177,476840000.0,0.0075566038192085,3603290.965151391,9845399880.679998,20.647177,0.0,,,0.25,backfill
2025-11-24,22.477056,474240000.0,0.0075564485486543,3583570.159713817,10659519037.44,22.477056,0.0,,,0.25,backfill
2025-11-25,22.158396,478360000.0,0.0075563967925118,3614677.969665987,10599690310.56,22.158396,0.0,,,0.25,backfill
2025-11-26,22.826104,480440000.0,0.0075563450367239,3630370.409443662,10966573405.76,22.826104,0.0,,,0.25,backfill
2025-11-28,23.062802,482640000.0,0.0075562415262115,3646944.41021076,11131030757.28,23.062802,0.0,,,0.25,backfill
2025-12-01,20.823034,485600000.0,0.0075560862631016,3669235.489362159,10111665310.400002,20.823034,0.0,,,0.25,backfill
2025-12-02,22.621586,486880000.0,0.0075560345094406,3678882.08195645,11013997791.68,22.621586,0.0,,,0.25,backfill
2025-12-03,23.66374,482960000.0,0.007555982756134,3649237.431902512,11428639870.4,23.66374,0.0,,,0.25,backfill
2025-12-04,23.625249,485200000.0,0.0075559310031819,3666137.7227439047,11462970814.8,23.625249,0.0,,,0.25,backfill
2025-12-05,22.928802,486400000.0,0.0075558792505843,3675179.667484248,11152569292.8,22.928802,0.0,,,0.25,backfill
2025-12-08,23.66006,483120000.0,0.0075557239949183,3650321.37642496,11430648187.2,23.66006,0.0,,,0.25,backfill
2025-12-09,25.205296,484120000.0,0.0075556722437386,3657852.0466387374,12202387899.52,25.205296,0.0,,,0.25,backfill
2025-12-10,25.661125,485520000.0,0.0075556204929133,3668404.8617192754,12458989410.0,25.661125,0.0,,,0.25,backfill
2025-12-11,24.273902,487720000.0,0.0075555687424424,3685001.987064048,11838867483.44,24.273902,0.0,,,0.25,backfill
2025-12-12,23.246922,487720000.0,0.007555516992326,3684976.747497284,11337988797.840002,23.246922,0.0,,,0.25,backfill
2025-12-15,22.148583,488720000.0,0.0075553617441036,3692456.391578328,10824455483.759998,22.148583,0.0,,,0.25,backfill
2025-12-16,22.309576,482440000.0,0.007555309995405,3644983.754183205,10763031845.44,22.309576,0.0,,,0.25,backfill
2025-12-17,21.317297,472520000.0,0.0075552582470608,3570010.6269012056,10072849178.44,21.317297,0.0,,,0.25,backfill
2025-12-18,21.124486,471600000.0,0.0075552064990711,3563035.3849619585,9962307597.6,21.124486,0.0,,,0.25,backfill
2025-12-19,22.586449,466760000.0,0.0075551547514358,3526444.031780209,10542450935.24,22.586449,0.0,,,0.25,backfill
2025-12-22,22.484471,463400000.0,0.0075549995106566,3500986.773238276,10419303861.4,22.484471,0.0,,,0.25,backfill
2025-12-23,22.360963,463400000.0,0.007554947764439,3500962.794041056,10362070254.2,22.360963,0.0,,,0.25,backfill
2025-12-24,22.253933,462280000.0,0.0075548960185759,3492477.331467272,10287548147.24,22.253933,0.0,,,0.25,backfill
2025-12-26,22.121958,461280000.0,0.0075547925279128,3484874.6972756577,10204416786.24,22.121958,0.0,,,0.25,backfill
2025-12-29,22.137754,460280000.0,0.0075546372945764,3477248.453947662,10189565411.12,22.137754,0.0,,,0.25,backfill
2025-12-30,22.405021,459680000.0,0.0075545855508398,3472691.8860100526,10299140053.28,22.405021,0.0,,,0.25,backfill
2025-12-31,22.404338,459680000.0,0.0075545338074575,3472668.1006121035,10298826091.84,22.404338,0.0,,,0.25,backfill
2026-01-02,23.578695,458720000.0,0.0075544303217563,3465368.277196056,10816018970.4,23.578695,0.0,,,0.25,backfill
2026-01-05,24.499364,460720000.0,0.0075542750958623,3480405.6221657204,11287346982.08,24.499364,0.0,,,0.25,backfill
2026-01-06,24.482192,464920000.0,0.0075542233546065,3512109.522023672,11382260704.64,24.482192,0.0,,,0.25,backfill
2026-01-07,23.697916,473040000.0,0.007554171613705,3573425.3401470487,11210062184.64,23.697916,0.0,,,0.25,backfill
2026-01-08,23.403033,472760000.0,0.0075541198731579,3571285.7112341747,11064017881.08,23.403033,0.0,,,0.25,backfill
2026-01-09,23.271759,468160000.0,0.0075540681329653,3536512.537129038,10894906693.44,23.271759,0.0,,,0.25,backfill
2026-01-12,23.49481,464560000.0,0.0075539129145135,3509245.7835664004,10914748933.6,23.49481,0.0,,,0.25,backfill
2026-01-13,24.229783,461160000.0,0.0075538611757383,3483538.619803494,11173806728.28,24.229783,0.0,,,0.25,backfill
2026-01-14,25.500989,463360000.0,0.0075538094373175,3500133.1408754545,11816138263.04,25.500989,0.0,,,0.25,backfill
2026-01-15,24.859765,466560000.0,0.0075537576992511,3524281.192162596,11598571958.4,24.859765,0.0,,,0.25,backfill
2026-01-16,24.776622,472560000.0,0.007553705961539,3569579.2891848898,11708440492.32,24.776622,0.0,,,0.25,backfill
2026-01-20,22.622537,473160000.0,0.0075534990142344,3574013.593575154,10704079606.92,22.622537,0.0,,,0.25,backfill
2026-01-21,22.83473,469080000.0,0.0075534472782941,3543171.0493022194,10711315148.4,22.83473,0.0,,,0.25,backfill
2026-01-22,22.221855,458120000.0,0.0075533955427082,3460361.5660255,10180276212.6,22.221855,0.0,,,0.25,backfill
2026-01-23,22.246262,456120000.0,0.0075533438074766,3445231.1774662645,10146965023.44,22.246262,0.0,,,0.25,backfill
2026-01-26,22.010557,454120000.0,0.007553188603908,3430054.0088067427,9995434144.84,22.010557,0.0,,,0.25,backfill
2026-01-27,22.679949,453200000.0,0.0075531368700939,3423081.629526561,10278552886.8,22.679949,0.0,,,0.25,backfill
2026-01-28,22.785892,450600000.0,0.007553085136634,3403420.1625673138,10267322935.2,22.785892,0.0,,,0.25,backfill
2026-01-29,21.106965,451800000.0,0.0075530334035285,3412460.491714208,9536126787.0,21.106965,0.0,,,0.25,backfill
2026-01-30,20.357172,449200000.0,0.0075529816707774,3392799.366513208,9144441662.4,20.357172,0.0,,,0.25,backfill
2026-02-02,17.54518,441480000.0,0.0075528264746498,3334421.8320284258,7745846066.4,17.54518,0.0,,,0.25,backfill
2026-02-03,17.005339,436800000.0,0.007552774743316,3299052.007880435,7427932075.199999,17.005339,0.0,,,0.25,backfill
2026-02-04,16.374443,439320000.0,0.0075527230123364,3318062.2737796614,7193620298.76,16.374443,0.0,,,0.25,backfill
2026-02-05,14.195047,435720000.0,0.0075526712817112,3290849.930867231,6185065878.840001,14.195047,0.0,,,0.25,backfill
2026-02-06,15.560979,435120000.0,0.0075526195514403,3286295.8192227297,6770893182.4800005,15.560979,0.0,,,0.25,backfill
2026-02-09,16.066941,432200000.0,0.0075524643627535,3264175.097582079,6944131900.200001,16.066941,0.0,,,0.25,backfill
2026-02-10,15.187745,429400000.0,0.0075524126338998,3243005.9849966094,6521617703.0,15.187745,0.0,,,0.25,backfill
2026-02-11,14.721318,429400000.0,0.0075523609054005,3242983.7727789874,6321333949.2,14.721318,0.0,,,0.25,backfill
2026-02-12,14.494741,427400000.0,0.0075523091772554,3227856.9423589925,6195052303.400001,14.494741,0.0,,,0.25,backfill
2026-02-13,15.467022,425400000.0,0.0075522574494647,3212730.319002297,6579671158.799999,15.467022,0.0,,,0.25,backfill
2026-02-17,15.062295,424800000.0,0.0075520505418446,3208111.0701756217,6398462916.0,15.062295,0.0,,,0.25,backfill
2026-02-18,14.673678,426320000.0,0.0075519988158253,3219568.135162684,6255682404.96,14.673678,0.0,,,0.25,backfill
2026-02-19,14.666325,424280000.0,0.0075519470901603,3204140.111413253,6222628371.0,14.666325,0.0,,,0.25,backfill
2026-02-20,14.855079,417680000.0,0.0075518953648496,3154275.6559904143,6204669396.719999,14.855079,0.0,,,0.25,backfill
2026-02-23,14.005525,417800000.0,0.0075517401910432,3155117.051817849,5851508345.0,14.005525,0.0,,,0.25,backfill
2026-02-24,14.021142,414560000.0,0.0075516884671495,3130627.970941534,5812604627.52,14.021142,0.0,,,0.25,backfill
2026-02-25,15.632521,414560000.0,0.0075516367436102,3130606.5284310654,6480617905.76,15.632521,0.0,,,0.25,backfill
2026-02-26,15.336816,416560000.0,0.0075515850204251,3145688.256108313,6388704072.960001,15.336816,0.0,,,0.25,backfill
2026-02-27,14.526744,417560000.0,0.0075515332975943,3153218.243743507,6065787224.640001,14.526744,0.0,,,0.25,backfill
2026-03-02,15.41339,414600000.0,0.0075513781312275,3130801.373206934,6390391494.0,15.41339,0.0,,,0.25,backfill
2026-03-03,14.973023,416320000.0,0.0075513264098137,3143768.210933666,6233568935.36,14.973023,0.0,,,0.25,backfill
2026-03-04,16.387603,419120000.0,0.0075512746887542,3164890.247550682,6868372169.359999,16.387603,0.0,,,0.25,backfill
2026-03-05,15.757544,421520000.0,0.0075512229680489,3182991.505492011,6642119946.88,15.757544,0.0,,,0.25,backfill
2026-03-06,14.942339,423440000.0,0.0075511712476979,3197467.9531252333,6327184026.16,14.942339,0.0,,,0.25,backfill
2026-03-09,15.32,423120000.0,0.0075538648111786,,6480812807.0,14.93,-0.08,612669.0,302.09,0.25,2026-03-10T04:48:48.494318+00:00
2026-03-10,15.38,419520000.0,0.0075538142976942,,6450881512.0,15.4,0.15,615072.6,302.09,0.25,2026-03-11T09:44:47.329919+00:00
2026-03-11,15.666661,419520000.0,0.0075522499999999,,6572477768.0,15.69,0.15,626666.44,302.09,0.25,2026-03-12T21:39:40.267451+00:00
2026-03-12,15.567839,420720000.0,0.0075522499999999,,6549701416.0,15.63,0.4,622713.56,302.09,0.25,2026-03-13T21:39:29.757253+00:00
2026-03-13,15.877775,421920000.0,0.007552,,6699150757.0,15.89,0.08,635111.0,302.08,0.25,2026-03-16T21:41:14.501323+00:00
2026-03-16,17.611795,423960000.0,0.007552,,7466696486.0,17.61,-0.01,704471.8,302.08,0.25,2026-03-17T21:39:39.103739+00:00
2026-03-17,17.60752,423040000.0,0.007552,,7448685173.0,17.54,-0.38,704300.8,302.08,0.25,2026-03-18T21:35:54.755076+00:00
2026-03-18,16.535058,427680000.0,0.0075517499999999,,7071713658.0,16.5,-0.21,661402.32,302.07,0.25,2026-03-19T21:37:15.689869+00:00
2026-03-19,16.188122,427600000.0,0.0075517499999999,,6922040811.0,16.16,-0.17,647524.88,302.07,0.25,2026-03-20T21:31:38.362965+00:00
2026-03-20,16.046319,421280000.0,0.0075515,,6759993219.0,16.1,0.33,641852.76,302.06,0.25,2026-03-23T21:37:50.508095+00:00
2026-03-23,16.332163,419320000.0,0.0075515,,6848402473.0,16.28,-0.32,653286.52,302.06,0.25,2026-03-24T21:39:20.561072+00:00
2026-03-24,16.009018,418360000.0,0.0075515,,6697532689.0,15.97,-0.24,640360.72,302.06,0.25,2026-03-25T21:40:44.422415+00:00
2026-03-25,16.382318,416800000.0,0.0075515,,6828150089.0,16.41,0.17,655292.72,302.06,0.25,2026-03-26T21:32:57.620277+00:00
2026-03-26,15.445129,414760000.0,0.00755125,,6406021831.0,15.46,0.1,617805.16,302.05,0.25,2026-03-27T21:35:59.465037+00:00
2026-03-27,15.00099,405680000.0,0.00755125,,6085601796.0,15.01,0.06,600039.6,302.05,0.25,2026-03-30T21:42:42.610406+00:00
2026-03-30,15.245844,400960000.0,0.00755125,,6112973580.0,15.27,0.16,609833.76,302.05,0.25,2026-03-31T21:40:38.542375+00:00
2026-03-31,15.835768,400320000.0,0.00755125,,6339374573.0,15.83,-0.04,633430.72,302.05,0.25,2026-04-01T21:42:43.368518+00:00
2026-04-01,16.129465,401880000.0,0.00755125,,6482109520.0,16.16,0.19,645178.6,302.05,0.25,2026-04-02T21:39:44.301779+00:00
2026-04-02,15.554507,399880000.0,0.0075507499999999,,6219936235.0,15.63,0.49,622180.28,302.03,0.25,2026-04-06T21:38:57.821400+00:00
2026-04-06,16.17598,396880000.0,0.007551,,6419923014.0,16.2,0.15,647039.2,302.04,0.25,2026-04-07T21:45:49.729564+00:00
2026-04-07,15.827986,400640000.0,0.0075507499999999,,6341324504.0,15.95,0.77,633119.44,302.03,0.25,2026-04-08T21:41:55.580880+00:00
2026-04-08,16.6462,399600000.0,0.0075507499999999,,6651821337.0,16.72,0.44,665848.0,302.03,0.25,2026-04-09T21:46:29.346935+00:00
2026-04-09,16.716538,398360000.0,0.0075507499999999,,6659200008.0,16.77,0.32,668661.52,302.03,0.25,2026-04-10T21:39:16.269419+00:00
2026-04-10,16.9931,403800000.0,0.0075504999999999,,6861813932.0,17.05,0.33,679724.0,302.02,0.25,2026-04-13T21:52:00.651370+00:00
2026-04-13,16.960133,406960000.0,0.0075505,,6902095644.0,17.05,0.33,678405.32,302.02,0.25,2026-04-14T10:16:12.065892+00:00
